seqnames	start	end	cnv	cluster
chr1	0	1042457	del	2
chr1	1042457	1265484	del	2
chr1	1265484	1519859	del	2
chr1	1519859	1826619	del	2
chr1	2058465	2280372	del	2
chr1	2280372	2491263	del	2
chr1	2491263	2817807	del	2
chr1	3025418	3230151	del	2
chr1	3230151	3437000	del	2
chr1	3645603	4091348	del	2
chr1	4733807	4949751	del	2
chr1	5802602	6013527	del	2
chr1	6013527	6232553	del	2
chr1	6922979	7134271	del	2
chr1	7134271	7347565	del	2
chr1	7347565	7562625	del	2
chr1	7781202	8012370	del	2
chr1	8012370	8246678	del	2
chr1	8246678	8471404	del	2
chr1	8471404	8698958	del	2
chr1	8698958	8937804	del	2
chr1	8937804	9174404	del	2
chr1	9174404	9392992	del	2
chr1	9392992	9634910	amp	2
chr1	9634910	9874006	del	2
chr1	9874006	10127844	del	2
chr1	10127844	10365738	del	2
chr1	10365738	10601471	del	2
chr1	10601471	10808784	del	2
chr1	10808784	11040607	del	2
chr1	11040607	11278872	amp	2
chr1	11278872	11503002	del	2
chr1	11503002	11724328	del	2
chr1	11724328	11955069	del	2
chr1	11955069	12186818	del	2
chr1	12186818	12410804	del	2
chr1	12410804	13677584	del	2
chr1	13677584	13893991	del	2
chr1	14324312	14547843	del	2
chr1	14547843	14759654	del	2
chr1	14977412	15195891	del	2
chr1	15195891	15416704	del	2
chr1	15416704	15656764	del	2
chr1	15656764	15902405	del	2
chr1	15902405	16134290	amp	2
chr1	16134290	17108710	del	2
chr1	17108710	17326678	del	2
chr1	17567445	17777104	del	2
chr1	18826589	19038400	del	2
chr1	19038400	19251485	del	2
chr1	19251485	19472583	amp	2
chr1	19472583	19706853	del	2
chr1	19706853	19930662	del	2
chr1	19930662	20161787	del	2
chr1	20161787	20371770	del	2
chr1	20590678	20821750	del	2
chr1	20821750	21043441	del	2
chr1	21279115	21542297	del	2
chr1	21761190	22018947	del	2
chr1	22018947	22242704	amp	2
chr1	22242704	22456764	del	2
chr1	22456764	22664837	del	2
chr1	22664837	22875867	del	2
chr1	22875867	23100476	del	2
chr1	23100476	23331671	del	2
chr1	23331671	23563511	del	2
chr1	23563511	24139449	del	2
chr1	24139449	24360876	amp	2
chr1	24360876	24581408	del	2
chr1	24581408	24823636	del	2
chr1	24823636	25035862	del	2
chr1	25035862	25259676	del	2
chr1	25575144	25795406	del	2
chr1	25795406	26022169	del	2
chr1	26022169	26253199	del	2
chr1	26253199	26487988	del	2
chr1	26487988	26734811	del	2
chr1	26975362	27223176	del	2
chr1	27223176	27458708	del	2
chr1	27458708	27685740	amp	2
chr1	27685740	27931241	del	2
chr1	28418192	28679501	del	2
chr1	28679501	28925487	del	2
chr1	28925487	29163140	del	2
chr1	29163140	29600315	del	2
chr1	30676655	30887081	del	2
chr1	31359043	31595970	del	2
chr1	31595970	31801626	del	2
chr1	31801626	32040848	amp	2
chr1	32040848	32281742	del	2
chr1	32281742	32526110	del	2
chr1	33009750	33240353	del	2
chr1	33455194	33664970	del	2
chr1	33664970	33881591	del	2
chr1	33881591	34091717	del	2
chr1	34091717	34310709	del	2
chr1	34736442	34947162	del	2
chr1	34947162	35200758	del	2
chr1	35200758	35433225	del	2
chr1	35433225	35654347	del	2
chr1	35889544	36117159	del	2
chr1	36117159	36354687	del	2
chr1	36354687	36580421	amp	2
chr1	36790608	36995301	del	2
chr1	36995301	37203127	del	2
chr1	37424389	37651091	del	2
chr1	37651091	37873972	del	2
chr1	38995620	39238287	del	2
chr1	39238287	39461330	del	2
chr1	39461330	39702264	del	2
chr1	39702264	39946814	del	2
chr1	39946814	40183121	del	2
chr1	40183121	40415842	del	2
chr1	40415842	40651928	del	2
chr1	40868291	41096298	del	2
chr1	41096298	41320987	amp	2
chr1	41525935	41735464	amp	2
chr1	41735464	41943586	amp	2
chr1	42168808	42390589	del	2
chr1	42390589	42613844	del	2
chr1	42613844	42841006	del	2
chr1	43066488	43300000	del	2
chr1	43300000	43520730	del	2
chr1	43520730	43740019	del	2
chr1	43740019	43956420	del	2
chr1	43956420	44177542	del	2
chr1	44177542	44389254	del	2
chr1	44389254	44607748	amp	2
chr1	44607748	44839537	del	2
chr1	44839537	45078807	del	2
chr1	45078807	45330532	del	2
chr1	45330532	45575545	del	2
chr1	45575545	45819446	del	2
chr1	46046996	46279045	del	2
chr1	46279045	46514026	del	2
chr1	46514026	46730051	del	2
chr1	47027817	47303866	del	2
chr1	47303866	47528543	del	2
chr1	48401104	48623398	del	2
chr1	48623398	48828244	del	2
chr1	48828244	49040375	del	2
chr1	49040375	49268353	del	2
chr1	49268353	49489357	del	2
chr1	49489357	49725897	del	2
chr1	49725897	49969755	del	2
chr1	49969755	50181051	del	2
chr1	50181051	50397325	del	2
chr1	50397325	50612598	del	2
chr1	50612598	50843866	del	2
chr1	51080082	51311650	del	2
chr1	51311650	51541689	del	2
chr1	51541689	51764720	del	2
chr1	51764720	51985487	del	2
chr1	51985487	52232407	del	2
chr1	52232407	52462041	del	2
chr1	52462041	52688455	del	2
chr1	52688455	52932444	del	2
chr1	52932444	53155506	del	2
chr1	53155506	53368072	del	2
chr1	53368072	53581561	del	2
chr1	53581561	53790970	del	2
chr1	53790970	54020097	del	2
chr1	54020097	54240519	del	2
chr1	54463118	54698091	del	2
chr1	54698091	54923212	del	2
chr1	55142657	55358117	del	2
chr1	56437336	56655780	del	2
chr1	56866589	57072999	del	2
chr1	57072999	57280809	del	2
chr1	57280809	57490206	del	2
chr1	57490206	57709142	del	2
chr1	57709142	57917694	del	2
chr1	57917694	58133311	del	2
chr1	58354593	58574467	del	2
chr1	58793135	59005597	amp	2
chr1	59005597	59215264	del	2
chr1	59215264	59435338	del	2
chr1	59435338	59674085	amp	2
chr1	59674085	59885673	del	2
chr1	59885673	60095453	del	2
chr1	60756451	60974834	del	2
chr1	61186752	61396331	del	2
chr1	61396331	61611136	del	2
chr1	61611136	61841171	del	2
chr1	61841171	62070508	del	2
chr1	62307099	62530811	del	2
chr1	62530811	62766850	del	2
chr1	62766850	62981638	del	2
chr1	62981638	63191464	del	2
chr1	63191464	63419702	del	2
chr1	63419702	63642491	del	2
chr1	63642491	63854704	del	2
chr1	63854704	64061613	del	2
chr1	64284698	64506779	amp	2
chr1	64506779	64717115	del	2
chr1	64717115	64931806	del	2
chr1	64931806	65160400	del	2
chr1	65160400	65377507	del	2
chr1	65377507	65609504	del	2
chr1	65609504	65834471	del	2
chr1	65834471	66055681	del	2
chr1	66055681	66279180	amp	2
chr1	66279180	66498175	del	2
chr1	66498175	66707630	del	2
chr1	66929181	67147896	del	2
chr1	67147896	67382537	del	2
chr1	67610312	67820292	amp	2
chr1	67820292	68036238	del	2
chr1	68472249	68690571	amp	2
chr1	69583523	69789698	del	2
chr1	69789698	70023608	del	2
chr1	70023608	70234175	del	2
chr1	70234175	70462518	del	2
chr1	70688373	70908277	amp	2
chr1	70908277	71122334	amp	2
chr1	71122334	71343476	amp	2
chr1	71343476	71557048	del	2
chr1	71557048	71764822	del	2
chr1	71764822	71980283	amp	2
chr1	71980283	72186128	del	2
chr1	72186128	72400637	del	2
chr1	73896442	74113116	del	2
chr1	74113116	74326852	del	2
chr1	74326852	74545358	del	2
chr1	74545358	74755814	del	2
chr1	74755814	74982179	amp	2
chr1	75434142	75655103	del	2
chr1	75655103	75902873	del	2
chr1	75902873	76117451	del	2
chr1	76117451	76329148	del	2
chr1	76329148	76545258	del	2
chr1	76976166	77200329	del	2
chr1	77200329	77412631	del	2
chr1	77412631	77627527	del	2
chr1	77857880	78085607	del	2
chr1	78324280	78539295	del	2
chr1	78539295	78753021	del	2
chr1	78753021	78972719	del	2
chr1	78972719	79185514	del	2
chr1	80496602	80710944	del	2
chr1	81140456	81352426	del	2
chr1	81352426	81563831	del	2
chr1	81563831	81782033	del	2
chr1	81989256	82207676	del	2
chr1	82840724	83497455	del	2
chr1	83497455	83709641	del	2
chr1	83709641	83918435	del	2
chr1	83918435	84133979	del	2
chr1	84133979	84347979	del	2
chr1	84347979	84564540	del	2
chr1	84564540	84776670	del	2
chr1	84776670	84990785	del	2
chr1	85209426	85423257	del	2
chr1	85423257	85640098	del	2
chr1	85881026	86105707	del	2
chr1	86105707	86330996	del	2
chr1	86330996	86549916	del	2
chr1	86549916	86785880	del	2
chr1	86785880	87020136	del	2
chr1	87020136	87227189	del	2
chr1	88711016	88941106	del	2
chr1	88941106	89176544	del	2
chr1	89176544	89411495	del	2
chr1	89411495	89640959	amp	2
chr1	89640959	89862637	del	2
chr1	89862637	90083999	del	2
chr1	90522150	90736781	del	2
chr1	90736781	90952738	del	2
chr1	91185166	91438398	del	2
chr1	91438398	91659746	del	2
chr1	91659746	91877195	del	2
chr1	91877195	92110011	del	2
chr1	92110011	92342145	del	2
chr1	92342145	92582895	del	2
chr1	92582895	92824003	del	2
chr1	92824003	93051176	del	2
chr1	93051176	93273930	amp	2
chr1	93273930	93503510	del	2
chr1	93503510	93721891	del	2
chr1	93721891	93959195	del	2
chr1	93959195	94173877	del	2
chr1	94173877	94395435	del	2
chr1	94395435	94619865	del	2
chr1	94619865	94835732	del	2
chr1	94835732	95051291	del	2
chr1	95051291	95277904	del	2
chr1	96130330	96353952	del	2
chr1	96353952	96575849	del	2
chr1	96805114	97020061	del	2
chr1	97020061	97228919	del	2
chr1	97228919	97452591	del	2
chr1	97663949	97870488	del	2
chr1	97870488	98074839	del	2
chr1	98497589	98720135	del	2
chr1	98720135	98936487	del	2
chr1	98936487	99152441	del	2
chr1	99152441	99371885	del	2
chr1	99371885	99598181	del	2
chr1	99814521	100038888	del	2
chr1	100038888	100263048	del	2
chr1	100263048	100479752	del	2
chr1	100479752	100710884	del	2
chr1	100710884	100930007	del	2
chr1	100930007	101145683	del	2
chr1	101145683	101363050	del	2
chr1	101363050	101577456	amp	2
chr1	102883863	103829338	del	2
chr1	106885026	107100107	del	2
chr1	107100107	107307938	del	2
chr1	107307938	107512829	del	2
chr1	107512829	107728221	del	2
chr1	107942131	108601511	del	2
chr1	108601511	108819473	del	2
chr1	109049087	109280696	del	2
chr1	109280696	109500052	amp	2
chr1	109500052	109738678	del	2
chr1	109738678	109964685	del	2
chr1	109964685	110172002	del	2
chr1	110172002	110383382	del	2
chr1	110383382	110594702	del	2
chr1	110594702	110802908	del	2
chr1	110802908	111026818	del	2
chr1	111026818	111251378	del	2
chr1	111251378	111476812	del	2
chr1	111476812	111697035	del	2
chr1	111697035	111902720	del	2
chr1	111902720	112106813	amp	2
chr1	112343438	112564006	del	2
chr1	112564006	112796771	del	2
chr1	112796771	113055562	del	2
chr1	113055562	113284097	del	2
chr1	113284097	113520679	del	2
chr1	113520679	113752166	del	2
chr1	113752166	113972000	amp	2
chr1	113972000	114188923	del	2
chr1	114188923	114412694	del	2
chr1	114636864	114858966	del	2
chr1	114858966	115087797	del	2
chr1	115087797	115298237	del	2
chr1	115511499	115734313	del	2
chr1	115947627	116171919	del	2
chr1	116171919	116382224	amp	2
chr1	116382224	116593361	del	2
chr1	116593361	116845842	del	2
chr1	116845842	117064605	del	2
chr1	117064605	117286850	amp	2
chr1	117286850	117512220	del	2
chr1	117512220	117728296	del	2
chr1	117728296	117945245	del	2
chr1	118842234	119061090	del	2
chr1	119061090	119290318	del	2
chr1	119290318	119512633	del	2
chr1	119512633	119749033	del	2
chr1	119749033	145914487	del	2
chr1	145914487	147248042	del	2
chr1	147248042	147495119	del	2
chr1	147495119	149912326	del	2
chr1	149912326	150144266	del	2
chr1	150144266	150387993	del	2
chr1	150387993	150636358	del	2
chr1	150636358	150879075	del	2
chr1	150879075	151128105	del	2
chr1	151128105	151368789	del	2
chr1	151368789	151602464	del	2
chr1	151602464	151825986	del	2
chr1	151825986	152046119	del	2
chr1	152046119	152280279	del	2
chr1	152280279	152517159	del	2
chr1	152961365	153187809	del	2
chr1	153187809	153403713	del	2
chr1	153403713	153641402	del	2
chr1	153641402	153878377	del	2
chr1	153878377	154134304	del	2
chr1	154134304	154379780	del	2
chr1	154379780	154607082	del	2
chr1	154828346	155048430	del	2
chr1	155048430	155291599	del	2
chr1	155291599	155532011	del	2
chr1	155532011	155819060	del	2
chr1	155819060	156064388	del	2
chr1	156064388	156296652	del	2
chr1	156296652	156524193	del	2
chr1	156524193	156746257	del	2
chr1	156746257	156962173	del	2
chr1	156962173	157178251	del	2
chr1	157417553	157640868	del	2
chr1	157640868	157856425	del	2
chr1	158071726	158311026	del	2
chr1	158311026	158539792	del	2
chr1	158539792	158750549	del	2
chr1	158750549	158978332	del	2
chr1	158978332	159198222	del	2
chr1	159660745	159880829	del	2
chr1	159880829	160089925	del	2
chr1	160089925	160303931	del	2
chr1	160532797	160758712	del	2
chr1	160758712	161001271	amp	2
chr1	161001271	161233148	del	2
chr1	161233148	161845315	amp	2
chr1	162053934	162265880	del	2
chr1	162265880	162491307	del	2
chr1	162491307	162709345	del	2
chr1	162709345	162950154	del	2
chr1	162950154	163163403	del	2
chr1	164473606	164690252	del	2
chr1	165532033	165752115	del	2
chr1	165752115	165984515	del	2
chr1	165984515	166198816	del	2
chr1	166673466	166898377	del	2
chr1	167106276	167319495	del	2
chr1	167319495	167534027	del	2
chr1	167753922	167980446	del	2
chr1	167980446	168198476	del	2
chr1	168198476	168421646	del	2
chr1	168421646	168643984	del	2
chr1	168861603	169080284	del	2
chr1	169304699	169528654	del	2
chr1	169751154	169965421	del	2
chr1	169965421	170197248	del	2
chr1	170412066	170643795	del	2
chr1	170643795	170861709	del	2
chr1	170861709	171082238	del	2
chr1	171082238	171299706	del	2
chr1	171299706	171536496	del	2
chr1	171536496	171770645	del	2
chr1	171770645	171982090	del	2
chr1	171982090	172207656	del	2
chr1	172427250	172644528	del	2
chr1	172644528	172860908	del	2
chr1	172860908	173089314	del	2
chr1	173089314	173312529	del	2
chr1	173312529	173546052	amp	2
chr1	173546052	173789072	del	2
chr1	173789072	174022275	del	2
chr1	174022275	174263169	del	2
chr1	174263169	174489958	del	2
chr1	174489958	174739915	amp	2
chr1	174739915	174971777	del	2
chr1	174971777	175189868	del	2
chr1	175189868	175406482	del	2
chr1	175406482	175616249	del	2
chr1	175616249	175822326	del	2
chr1	175822326	176044571	del	2
chr1	176044571	176270268	del	2
chr1	176270268	176499357	del	2
chr1	176499357	176709005	del	2
chr1	176709005	176917313	del	2
chr1	177780430	177996340	amp	2
chr1	177996340	178217487	del	2
chr1	178217487	178440372	del	2
chr1	178440372	178658475	del	2
chr1	178658475	178885137	del	2
chr1	178885137	179114318	del	2
chr1	179348287	179594811	del	2
chr1	179594811	179820736	del	2
chr1	179820736	180042692	del	2
chr1	180042692	180255425	del	2
chr1	180482121	180704459	del	2
chr1	180704459	180930033	del	2
chr1	180930033	181150199	del	2
chr1	181150199	181377542	amp	2
chr1	181377542	181583400	del	2
chr1	181583400	181789594	del	2
chr1	181789594	182022011	del	2
chr1	182022011	182238525	del	2
chr1	182238525	182460479	del	2
chr1	182460479	182675093	del	2
chr1	182675093	182889723	del	2
chr1	182889723	183115329	del	2
chr1	183115329	183332586	del	2
chr1	183332586	183550220	del	2
chr1	183550220	183783343	del	2
chr1	183783343	183990622	del	2
chr1	184205795	184426303	del	2
chr1	184426303	184637897	del	2
chr1	184637897	184859950	del	2
chr1	184859950	185081746	del	2
chr1	185081746	185308532	del	2
chr1	185308532	185527486	del	2
chr1	185527486	185753227	del	2
chr1	185974266	186186049	del	2
chr1	186186049	186405232	del	2
chr1	186405232	186625455	del	2
chr1	186625455	186849159	del	2
chr1	186849159	187061127	del	2
chr1	192418332	192641127	del	2
chr1	192641127	192864746	del	2
chr1	192864746	193079928	amp	2
chr1	193294087	193508024	del	2
chr1	196091833	196314113	del	2
chr1	196314113	196523901	del	2
chr1	196523901	196734476	del	2
chr1	196734476	197036731	del	2
chr1	197036731	197252791	del	2
chr1	197252791	197464066	del	2
chr1	197464066	197680591	del	2
chr1	197680591	197910152	del	2
chr1	198123039	198340748	del	2
chr1	198340748	198550357	del	2
chr1	198550357	198757512	del	2
chr1	198757512	198966655	del	2
chr1	199177731	199389172	del	2
chr1	199389172	199608408	amp	2
chr1	199826573	200063469	del	2
chr1	200063469	200286035	amp	2
chr1	200286035	200507393	del	2
chr1	200507393	200737834	del	2
chr1	200964016	201171315	del	2
chr1	201171315	201386160	del	2
chr1	201386160	201603819	del	2
chr1	201819958	202048190	del	2
chr1	202048190	202280997	del	2
chr1	202280997	202568488	del	2
chr1	202568488	202794653	del	2
chr1	202794653	203026387	del	2
chr1	203026387	203232032	del	2
chr1	203232032	203460124	del	2
chr1	203682634	203925840	del	2
chr1	204153610	204365509	del	2
chr1	204365509	204584411	del	2
chr1	204584411	204795434	del	2
chr1	204795434	205002533	del	2
chr1	205226281	205450366	del	2
chr1	205669365	206399032	del	2
chr1	206399032	206619897	del	2
chr1	206619897	206833598	del	2
chr1	206833598	207042067	del	2
chr1	207042067	207265796	del	2
chr1	207265796	207478173	del	2
chr1	207478173	207772483	del	2
chr1	207772483	207981776	del	2
chr1	207981776	208186041	amp	2
chr1	208186041	208392829	del	2
chr1	208601327	208818249	del	2
chr1	208818249	209036926	del	2
chr1	209465692	209670641	del	2
chr1	209670641	209881273	del	2
chr1	210328056	210543809	del	2
chr1	210543809	210757160	amp	2
chr1	210757160	210991187	del	2
chr1	210991187	211230985	del	2
chr1	211467581	211689027	del	2
chr1	211689027	211915848	del	2
chr1	211915848	212137920	del	2
chr1	212137920	212367047	del	2
chr1	212814437	213051554	del	2
chr1	213051554	213278721	amp	2
chr1	213714764	213921574	del	2
chr1	213921574	214129083	del	2
chr1	214339464	214553643	del	2
chr1	214553643	214777692	del	2
chr1	215422317	215641312	del	2
chr1	215641312	215856474	amp	2
chr1	215856474	216070597	del	2
chr1	216070597	216281602	del	2
chr1	216281602	216496135	del	2
chr1	216496135	216700437	amp	2
chr1	216700437	216906831	del	2
chr1	216906831	217112684	del	2
chr1	217112684	217323197	del	2
chr1	217323197	217541419	del	2
chr1	217541419	217762301	del	2
chr1	217762301	217971293	del	2
chr1	218188212	218400771	del	2
chr1	218400771	218621412	del	2
chr1	219045031	219256740	del	2
chr1	219695260	219932138	del	2
chr1	219932138	220163791	del	2
chr1	220163791	220382081	del	2
chr1	220382081	220597740	del	2
chr1	220818456	221031141	del	2
chr1	221675696	221881323	del	2
chr1	221881323	222103102	del	2
chr1	222318994	222581915	del	2
chr1	222581915	222799731	del	2
chr1	222799731	223022880	del	2
chr1	223022880	223245882	del	2
chr1	223245882	223476283	del	2
chr1	223476283	224093800	del	2
chr1	224093800	224339444	del	2
chr1	224339444	224564098	del	2
chr1	224564098	224775556	del	2
chr1	224775556	225004910	del	2
chr1	225004910	225256238	del	2
chr1	225256238	225479895	amp	2
chr1	225479895	225701246	del	2
chr1	225701246	225936248	del	2
chr1	225936248	226176699	del	2
chr1	226176699	226405730	del	2
chr1	226623320	226840801	del	2
chr1	226840801	227064710	del	2
chr1	227064710	227283332	del	2
chr1	227283332	227521124	del	2
chr1	227521124	227755001	del	2
chr1	227755001	227988212	del	2
chr1	227988212	228200439	del	2
chr1	228200439	228409139	del	2
chr1	228409139	228731605	del	2
chr1	228731605	228941899	del	2
chr1	229607069	229822811	del	2
chr1	229822811	230034242	del	2
chr1	230034242	230242368	del	2
chr1	230242368	230456149	del	2
chr1	230456149	230680939	del	2
chr1	230680939	230891306	del	2
chr1	230891306	231110036	del	2
chr1	231110036	231329453	del	2
chr1	231329453	231551599	del	2
chr1	231551599	231776781	del	2
chr1	231999860	232221356	del	2
chr1	232221356	232435484	amp	2
chr1	232435484	232643683	del	2
chr1	232643683	232860808	del	2
chr1	232860808	233075089	amp	2
chr1	233287869	233502589	del	2
chr1	233502589	233716435	del	2
chr1	233716435	233941414	amp	2
chr1	233941414	234160854	del	2
chr1	234160854	234376129	del	2
chr1	234376129	234593886	del	2
chr1	234593886	234833136	del	2
chr1	235049458	235305248	amp	2
chr1	235305248	235551879	del	2
chr1	235551879	235775384	del	2
chr1	235775384	236000294	del	2
chr1	236231145	236463972	amp	2
chr1	236463972	236685723	del	2
chr1	236685723	236901063	del	2
chr1	236901063	237133260	del	2
chr1	237133260	237349866	del	2
chr1	237349866	237563402	del	2
chr1	237563402	237778662	del	2
chr1	237778662	237995021	del	2
chr1	239289006	239499378	del	2
chr1	239499378	239722748	amp	2
chr1	239932078	240151788	del	2
chr1	240368050	240585436	del	2
chr1	240585436	240814597	del	2
chr1	241034415	241250143	del	2
chr1	241250143	241469300	del	2
chr1	241469300	241678859	del	2
chr1	241678859	241898291	del	2
chr1	241898291	242141905	del	2
chr1	242141905	242429444	del	2
chr1	242429444	242656758	del	2
chr1	242656758	243322776	del	2
chr1	243531499	243746856	del	2
chr1	243746856	243966948	del	2
chr1	244396876	244629331	del	2
chr1	244861415	245090744	del	2
chr1	245090744	245317535	del	2
chr1	245317535	245536937	del	2
chr1	245536937	245758880	del	2
chr1	245978897	246192720	del	2
chr1	246421471	246652235	amp	2
chr1	246652235	246889677	amp	2
chr1	246889677	247137213	del	2
chr1	247137213	247368090	del	2
chr1	247368090	247595036	amp	2
chr1	247826793	248070840	del	2
chr10	285157	510562	del	2
chr10	724630	953936	del	2
chr10	1175135	1410662	del	2
chr10	1410662	1626695	del	2
chr10	1626695	1839928	amp	2
chr10	2891035	3107204	del	2
chr10	3322726	3533595	del	2
chr10	3745505	3956788	amp	2
chr10	4785533	5040865	del	2
chr10	5040865	5292016	del	2
chr10	5292016	5507189	del	2
chr10	5507189	5718293	del	2
chr10	5718293	5948387	del	2
chr10	5948387	6170268	del	2
chr10	6170268	6402309	del	2
chr10	6402309	6622892	del	2
chr10	6622892	6856529	del	2
chr10	7079184	7296605	del	2
chr10	7296605	7512133	del	2
chr10	7512133	7733424	del	2
chr10	7733424	7950596	del	2
chr10	8805368	9016865	amp	2
chr10	10305601	10514557	del	2
chr10	10738812	10950095	del	2
chr10	10950095	11157734	del	2
chr10	11157734	11361804	del	2
chr10	11361804	11576537	del	2
chr10	11576537	11807582	del	2
chr10	11807582	12041583	del	2
chr10	12041583	12290658	del	2
chr10	12290658	12530708	amp	2
chr10	12530708	12752334	del	2
chr10	12752334	12976238	del	2
chr10	13210021	13453114	del	2
chr10	13453114	13667130	del	2
chr10	13667130	13887872	del	2
chr10	14531279	14750035	del	2
chr10	14750035	14980547	del	2
chr10	14980547	15231561	del	2
chr10	15231561	15459297	del	2
chr10	15459297	15681988	del	2
chr10	15681988	15897645	del	2
chr10	16344970	16566377	del	2
chr10	16781719	17000939	del	2
chr10	17000939	17219406	del	2
chr10	17219406	17440140	del	2
chr10	17440140	18071355	del	2
chr10	18071355	18285739	amp	2
chr10	18285739	18509334	del	2
chr10	19189281	19402164	del	2
chr10	19402164	19622521	del	2
chr10	19622521	19840796	del	2
chr10	19840796	20054342	del	2
chr10	20054342	20269283	del	2
chr10	20269283	20504166	del	2
chr10	20731075	20950358	del	2
chr10	20950358	21167309	del	2
chr10	21167309	21401313	del	2
chr10	21401313	21636274	del	2
chr10	21636274	21865753	del	2
chr10	21865753	22087234	del	2
chr10	22087234	22317665	del	2
chr10	22317665	22538557	del	2
chr10	22538557	22750045	del	2
chr10	22750045	22977754	del	2
chr10	22977754	23193196	del	2
chr10	23193196	23415905	del	2
chr10	23415905	23645310	del	2
chr10	23645310	23871433	del	2
chr10	23871433	24092846	del	2
chr10	24092846	24311886	del	2
chr10	24311886	24529089	del	2
chr10	24529089	24754230	del	2
chr10	24754230	24977383	del	2
chr10	24977383	25197865	del	2
chr10	25420254	25646965	del	2
chr10	25871332	26096824	del	2
chr10	26096824	26317322	del	2
chr10	26317322	26540732	amp	2
chr10	26540732	26779246	del	2
chr10	26779246	27017882	del	2
chr10	27017882	27251137	del	2
chr10	27501978	27718909	del	2
chr10	27939923	28159750	del	2
chr10	28159750	28381108	del	2
chr10	28381108	28606543	del	2
chr10	28606543	28834292	del	2
chr10	29264139	29497380	del	2
chr10	29497380	29729113	del	2
chr10	29729113	29946361	del	2
chr10	29946361	30167161	del	2
chr10	30167161	30396865	del	2
chr10	30635618	30867083	del	2
chr10	30867083	31090108	del	2
chr10	31090108	31314491	amp	2
chr10	31314491	31540253	del	2
chr10	31989340	32225807	del	2
chr10	32225807	32452086	del	2
chr10	32710470	32952717	del	2
chr10	32952717	33172422	del	2
chr10	33172422	33382099	amp	2
chr10	34041847	34255098	del	2
chr10	34255098	34466021	del	2
chr10	34466021	34679720	amp	2
chr10	34679720	34908204	del	2
chr10	34908204	35144870	del	2
chr10	35144870	35375350	del	2
chr10	35375350	35594940	del	2
chr10	35594940	35810551	del	2
chr10	37711406	37949951	del	2
chr10	37949951	42424178	amp	2
chr10	42424178	42690269	amp	2
chr10	42690269	42950298	del	2
chr10	42950298	43158746	del	2
chr10	43158746	43380704	del	2
chr10	43380704	43628390	del	2
chr10	43628390	43848362	del	2
chr10	44301128	44527182	amp	2
chr10	44741993	44948541	amp	2
chr10	45437795	47429021	del	2
chr10	47429021	48210231	del	2
chr10	48210231	48424792	del	2
chr10	48424792	48629908	del	2
chr10	48629908	48838900	del	2
chr10	49046574	49258711	del	2
chr10	49471246	50334132	del	2
chr10	50552533	50847251	del	2
chr10	50847251	51057952	del	2
chr10	51057952	51269227	del	2
chr10	51484825	51700319	del	2
chr10	51700319	51909057	del	2
chr10	51909057	52129229	del	2
chr10	52129229	52348628	del	2
chr10	52348628	52569932	amp	2
chr10	53660969	53879200	del	2
chr10	53879200	54099812	del	2
chr10	54544833	54754942	del	2
chr10	54754942	54964899	del	2
chr10	54964899	55179804	del	2
chr10	55389329	55599671	amp	2
chr10	56271412	56488831	del	2
chr10	58008477	58228235	del	2
chr10	58228235	58455353	del	2
chr10	58455353	58674118	del	2
chr10	58896201	59107938	del	2
chr10	59550049	59775639	del	2
chr10	59996076	60209457	del	2
chr10	60209457	60419950	del	2
chr10	61480171	61692432	del	2
chr10	62115949	62331558	amp	2
chr10	62543807	62765536	amp	2
chr10	62986224	63216342	del	2
chr10	63216342	63440573	del	2
chr10	63440573	63659126	del	2
chr10	65413134	65637314	del	2
chr10	65637314	65846879	del	2
chr10	66064245	66274642	del	2
chr10	66274642	66504686	del	2
chr10	66718942	66932272	del	2
chr10	66932272	67140082	del	2
chr10	67140082	67361212	del	2
chr10	67361212	67610957	del	2
chr10	67865246	68094675	del	2
chr10	68094675	68321382	del	2
chr10	68321382	68572179	amp	2
chr10	68572179	68816253	amp	2
chr10	68816253	69055456	del	2
chr10	69055456	69285108	del	2
chr10	69285108	69506364	del	2
chr10	69506364	69721232	amp	2
chr10	69925630	70144379	del	2
chr10	70144379	70368549	del	2
chr10	70368549	70591528	del	2
chr10	70591528	70812780	del	2
chr10	70812780	71023305	del	2
chr10	71023305	71234281	del	2
chr10	71234281	71441402	amp	2
chr10	71441402	71646670	del	2
chr10	71646670	71856775	del	2
chr10	71856775	72087269	del	2
chr10	72087269	72327182	del	2
chr10	72327182	72563977	del	2
chr10	72563977	72798644	del	2
chr10	72798644	73031364	del	2
chr10	73031364	73263494	amp	2
chr10	73263494	73498148	del	2
chr10	73498148	73779646	del	2
chr10	73779646	74006370	del	2
chr10	74006370	74239634	del	2
chr10	74239634	74459399	del	2
chr10	74459399	74682914	del	2
chr10	74682914	74915423	del	2
chr10	75132386	75365519	del	2
chr10	75587193	75792730	del	2
chr10	76001263	76215153	del	2
chr10	76215153	76431163	del	2
chr10	76431163	76652585	del	2
chr10	76652585	76878580	del	2
chr10	76878580	77083560	del	2
chr10	77083560	77290701	del	2
chr10	77290701	77498055	del	2
chr10	77498055	77712475	amp	2
chr10	77712475	77934166	del	2
chr10	77934166	78170169	del	2
chr10	78170169	78376155	del	2
chr10	78795942	78999975	del	2
chr10	78999975	79204346	del	2
chr10	79204346	79410313	del	2
chr10	79410313	80105462	del	2
chr10	80586058	80809408	del	2
chr10	81689682	81915426	del	2
chr10	81915426	82127876	amp	2
chr10	82127876	82334876	del	2
chr10	82550119	82761442	del	2
chr10	82761442	82973663	del	2
chr10	82973663	83191730	del	2
chr10	84059080	84287000	del	2
chr10	84287000	84511192	del	2
chr10	85403372	85618603	amp	2
chr10	85618603	85836037	del	2
chr10	85836037	86048367	del	2
chr10	86258752	86475962	del	2
chr10	86475962	86706114	del	2
chr10	86706114	87424504	del	2
chr10	87424504	87708809	del	2
chr10	87708809	87926420	del	2
chr10	87926420	88137739	del	2
chr10	88137739	88345374	del	2
chr10	88345374	88561638	del	2
chr10	88776105	88984281	del	2
chr10	88984281	89194928	del	2
chr10	89194928	89420019	del	2
chr10	89420019	89641887	del	2
chr10	89641887	89855747	del	2
chr10	89855747	90074424	del	2
chr10	90527549	90742528	amp	2
chr10	90742528	90960644	del	2
chr10	90960644	91178504	del	2
chr10	91178504	91404988	del	2
chr10	91404988	91640127	del	2
chr10	91640127	91867556	del	2
chr10	91867556	92087485	del	2
chr10	92087485	92327912	del	2
chr10	92327912	92570501	del	2
chr10	92570501	92807783	del	2
chr10	92807783	93026222	del	2
chr10	93026222	93248866	del	2
chr10	93474695	93701078	del	2
chr10	93912119	94128962	del	2
chr10	94128962	94348018	del	2
chr10	94348018	94579925	del	2
chr10	94579925	94852209	amp	2
chr10	94852209	95114375	amp	2
chr10	95114375	95350248	del	2
chr10	95350248	95561582	del	2
chr10	95561582	95789377	del	2
chr10	95789377	96019741	del	2
chr10	96019741	96236225	del	2
chr10	96236225	96446649	amp	2
chr10	96446649	96658465	del	2
chr10	96658465	96895591	del	2
chr10	96895591	97107903	del	2
chr10	97107903	97336708	del	2
chr10	97336708	97575143	del	2
chr10	97575143	97804311	del	2
chr10	97804311	98014519	del	2
chr10	98014519	98235597	del	2
chr10	98235597	98445260	del	2
chr10	98445260	98668264	del	2
chr10	98668264	98899121	del	2
chr10	98899121	99141051	del	2
chr10	99593963	99828609	del	2
chr10	99828609	100070874	del	2
chr10	100070874	100297403	del	2
chr10	100757717	100971332	del	2
chr10	100971332	101187517	del	2
chr10	101187517	101415244	del	2
chr10	101415244	101632008	del	2
chr10	101632008	101852828	del	2
chr10	102087890	102326540	del	2
chr10	102326540	102558819	del	2
chr10	102558819	102790035	del	2
chr10	102790035	103030721	del	2
chr10	103030721	103266783	del	2
chr10	103266783	103506406	del	2
chr10	103506406	103721903	del	2
chr10	103721903	103932686	del	2
chr10	104143327	104356207	del	2
chr10	104356207	104574949	del	2
chr10	104788144	104998973	del	2
chr10	104998973	105205295	del	2
chr10	106515613	106725877	del	2
chr10	106725877	106953709	del	2
chr10	106953709	107166572	del	2
chr10	107797792	108007256	del	2
chr10	108007256	108225924	del	2
chr10	109789368	110021887	del	2
chr10	110021887	110240215	del	2
chr10	110240215	110455535	del	2
chr10	110455535	110672805	del	2
chr10	111960295	112180630	del	2
chr10	112180630	112404036	del	2
chr10	112404036	112618256	del	2
chr10	112618256	112830746	del	2
chr10	112830746	113049056	del	2
chr10	113679012	113893950	del	2
chr10	113893950	114106997	del	2
chr10	114106997	114320984	del	2
chr10	114320984	114535734	amp	2
chr10	114535734	114752426	del	2
chr10	114752426	114972982	del	2
chr10	114972982	115195151	del	2
chr10	115195151	115423539	del	2
chr10	115423539	115646684	del	2
chr10	115646684	115861043	del	2
chr10	115861043	116071371	del	2
chr10	116496326	116714519	del	2
chr10	116714519	116925654	del	2
chr10	116925654	117156990	del	2
chr10	117156990	117369543	del	2
chr10	117369543	117582068	del	2
chr10	118003365	118210177	del	2
chr10	118210177	118415964	del	2
chr10	118626658	118856788	del	2
chr10	119083896	119321286	del	2
chr10	119321286	119537638	del	2
chr10	119770469	119994760	amp	2
chr10	120211059	120428950	del	2
chr10	120428950	120643526	del	2
chr10	120643526	120862830	del	2
chr10	120862830	121085816	del	2
chr10	121295988	121511277	del	2
chr10	121511277	121728533	del	2
chr10	121951950	122180285	del	2
chr10	122180285	122394966	del	2
chr10	122394966	122630248	del	2
chr10	122630248	122842063	del	2
chr10	123065614	123275920	del	2
chr10	123693316	123904125	del	2
chr10	124232114	124449369	del	2
chr10	124449369	124664136	del	2
chr10	124664136	124893386	del	2
chr10	124893386	125109333	del	2
chr10	125109333	125329780	del	2
chr10	125542396	125765660	del	2
chr10	125765660	126004066	del	2
chr10	126004066	126213917	del	2
chr10	126213917	126425762	del	2
chr10	126425762	126637616	del	2
chr10	127122917	127332302	del	2
chr10	127332302	127542837	amp	2
chr10	127759989	127971509	del	2
chr10	127971509	128183296	del	2
chr10	128183296	128396615	del	2
chr10	129632462	129843682	del	2
chr10	129843682	130052870	del	2
chr10	130052870	130273088	del	2
chr10	131127474	131336062	del	2
chr10	131777867	132067958	del	2
chr10	132067958	132287819	del	2
chr10	132287819	132501364	del	2
chr10	132501364	132716934	del	2
chr10	132716934	132938624	amp	2
chr10	132938624	133158384	del	2
chr11	415372	647020	del	2
chr11	647020	879401	del	2
chr11	879401	1107500	del	2
chr11	1107500	1354243	del	2
chr11	1354243	1572299	del	2
chr11	1572299	1810064	del	2
chr11	1810064	2020119	del	2
chr11	2444153	2662090	del	2
chr11	2662090	2863120	del	2
chr11	3082716	3739109	del	2
chr11	3970806	4550532	del	2
chr11	4550532	4763683	del	2
chr11	5198577	5433020	del	2
chr11	5433020	5655187	del	2
chr11	5655187	5877112	del	2
chr11	6102745	6331090	del	2
chr11	6549146	6765063	del	2
chr11	6765063	6994158	del	2
chr11	6994158	7213319	del	2
chr11	7429691	7636947	del	2
chr11	7636947	7879635	amp	2
chr11	7879635	8100183	del	2
chr11	8100183	8316644	del	2
chr11	8549294	8762293	del	2
chr11	8762293	8990114	del	2
chr11	8990114	9208593	del	2
chr11	9208593	9464234	del	2
chr11	9464234	9709567	del	2
chr11	9709567	9936820	del	2
chr11	10161902	10394508	del	2
chr11	10394508	10611092	del	2
chr11	10611092	10823599	del	2
chr11	10823599	11043974	del	2
chr11	11256551	11464236	del	2
chr11	11667529	11889031	amp	2
chr11	11889031	12100303	del	2
chr11	12100303	12307933	del	2
chr11	12307933	12526600	del	2
chr11	12526600	12739321	del	2
chr11	12739321	12948249	del	2
chr11	12948249	13162456	del	2
chr11	13162456	13370076	del	2
chr11	13370076	13612124	del	2
chr11	13612124	13844517	del	2
chr11	13844517	14063892	amp	2
chr11	14290573	14517664	amp	2
chr11	14517664	14764931	del	2
chr11	14764931	14999161	del	2
chr11	14999161	15210993	amp	2
chr11	15210993	15421219	del	2
chr11	15830523	16034470	del	2
chr11	16034470	16246540	amp	2
chr11	16246540	16454177	del	2
chr11	16454177	16694357	del	2
chr11	16694357	16915032	del	2
chr11	16915032	17150242	del	2
chr11	17150242	17386608	del	2
chr11	17386608	17592945	del	2
chr11	17798245	18005612	del	2
chr11	18005612	18241751	del	2
chr11	18241751	18479731	del	2
chr11	18721464	18956245	del	2
chr11	18956245	19185585	del	2
chr11	19185585	19396847	del	2
chr11	19396847	19608854	del	2
chr11	19608854	19821429	del	2
chr11	19821429	20032810	del	2
chr11	20246962	20460952	amp	2
chr11	20460952	20682825	del	2
chr11	20682825	20909950	del	2
chr11	20909950	21117283	del	2
chr11	21333976	21543368	del	2
chr11	21543368	21763465	del	2
chr11	22417081	22632937	del	2
chr11	22632937	22850636	del	2
chr11	22850636	23075472	del	2
chr11	24610439	24821881	del	2
chr11	24821881	25053772	del	2
chr11	25053772	25269800	del	2
chr11	26160316	26381444	del	2
chr11	26381444	26600116	del	2
chr11	26600116	26808152	del	2
chr11	27032229	27257409	del	2
chr11	27701505	27910170	del	2
chr11	27910170	28127047	amp	2
chr11	30321682	30525837	del	2
chr11	30525837	30737122	del	2
chr11	30737122	30943985	del	2
chr11	30943985	31158731	del	2
chr11	31158731	31383277	del	2
chr11	31383277	31606929	del	2
chr11	31606929	31823191	del	2
chr11	32250311	32467099	del	2
chr11	32705772	32948673	del	2
chr11	32948673	33171602	del	2
chr11	33171602	33401296	del	2
chr11	33401296	33617716	del	2
chr11	33838062	34063472	del	2
chr11	34280492	34499861	del	2
chr11	34499861	34712329	del	2
chr11	34712329	34931019	del	2
chr11	34931019	35152678	del	2
chr11	35359554	35571510	del	2
chr11	35571510	35801514	del	2
chr11	35801514	36015468	del	2
chr11	36015468	36230394	del	2
chr11	36230394	36442184	del	2
chr11	36442184	36670687	del	2
chr11	39959442	40180935	del	2
chr11	40180935	40392818	del	2
chr11	40392818	40612908	del	2
chr11	40612908	40829122	del	2
chr11	40829122	41046998	del	2
chr11	41046998	41258957	del	2
chr11	43250760	43473671	del	2
chr11	43473671	43692552	amp	2
chr11	43692552	43914120	del	2
chr11	44128047	44335761	del	2
chr11	44555975	44769221	del	2
chr11	44976966	45196798	del	2
chr11	45196798	45405619	amp	2
chr11	45612041	45831574	del	2
chr11	45831574	46048784	del	2
chr11	46048784	46270950	del	2
chr11	46270950	46493988	del	2
chr11	46493988	46733085	amp	2
chr11	46733085	46965062	del	2
chr11	46965062	47202498	del	2
chr11	47202498	47435659	del	2
chr11	47435659	47674808	amp	2
chr11	47674808	47924618	del	2
chr11	48156432	49855361	del	2
chr11	56347675	56567965	del	2
chr11	57025532	57240956	amp	2
chr11	57922795	58162620	del	2
chr11	58162620	58387178	del	2
chr11	58387178	58608378	del	2
chr11	58608378	58833396	del	2
chr11	58833396	59078358	del	2
chr11	59078358	59302034	amp	2
chr11	59540260	59769312	del	2
chr11	59769312	59992064	del	2
chr11	59992064	60225292	del	2
chr11	60225292	60446508	del	2
chr11	60686020	60907353	amp	2
chr11	60907353	61125713	del	2
chr11	61125713	61401602	amp	2
chr11	61618421	61837841	amp	2
chr11	62072976	62315856	del	2
chr11	62315856	62563726	del	2
chr11	62563726	62806753	del	2
chr11	62806753	63044221	del	2
chr11	63044221	63319159	del	2
chr11	63319159	63584146	del	2
chr11	63584146	63827769	del	2
chr11	63827769	64055139	amp	2
chr11	64055139	64277107	del	2
chr11	64277107	64504212	del	2
chr11	64504212	64714389	del	2
chr11	64714389	64934299	del	2
chr11	64934299	65170119	del	2
chr11	65170119	65408503	del	2
chr11	65408503	65634845	del	2
chr11	65634845	65866573	del	2
chr11	66099590	66323538	del	2
chr11	66323538	66558175	del	2
chr11	66558175	66796616	del	2
chr11	66796616	67032202	amp	2
chr11	67032202	67274441	del	2
chr11	67274441	67497999	del	2
chr11	67497999	68137423	del	2
chr11	68137423	68368359	amp	2
chr11	68368359	68590135	amp	2
chr11	68590135	68820041	del	2
chr11	68820041	69049563	amp	2
chr11	69049563	69260899	del	2
chr11	69260899	69471785	del	2
chr11	69471785	69683609	del	2
chr11	70158282	70389412	del	2
chr11	70389412	70603995	del	2
chr11	70603995	70813755	del	2
chr11	70813755	71172044	del	2
chr11	71172044	71386621	del	2
chr11	71386621	72029640	amp	2
chr11	72029640	72260316	del	2
chr11	72260316	72478786	del	2
chr11	72478786	72695023	del	2
chr11	72918248	73149112	del	2
chr11	73360082	73578948	del	2
chr11	73578948	73820276	del	2
chr11	73820276	74052335	del	2
chr11	74277229	74505568	del	2
chr11	74505568	74728588	del	2
chr11	74728588	74960620	del	2
chr11	74960620	75189967	del	2
chr11	75189967	75414642	del	2
chr11	75414642	75624792	del	2
chr11	75624792	75850356	del	2
chr11	75850356	76069902	del	2
chr11	76069902	76280653	del	2
chr11	76280653	76504289	amp	2
chr11	76504289	76718357	del	2
chr11	76718357	76945091	del	2
chr11	76945091	77164870	del	2
chr11	77164870	77386117	del	2
chr11	77386117	77614657	del	2
chr11	77614657	77841555	del	2
chr11	77841555	78115351	del	2
chr11	78338277	78558000	del	2
chr11	78558000	78778997	del	2
chr11	78778997	78985234	del	2
chr11	78985234	79198859	del	2
chr11	79403240	79618048	del	2
chr11	80688000	80902484	del	2
chr11	81745053	81960424	del	2
chr11	81960424	82183421	del	2
chr11	82183421	82400959	del	2
chr11	82400959	82616958	del	2
chr11	82616958	82833950	amp	2
chr11	82833950	83056478	del	2
chr11	83056478	83283338	del	2
chr11	83283338	83518832	del	2
chr11	83518832	83733224	del	2
chr11	83733224	83948847	del	2
chr11	83948847	84164166	del	2
chr11	84164166	84382192	del	2
chr11	84382192	84590851	del	2
chr11	84802534	85017418	amp	2
chr11	85017418	85230631	del	2
chr11	85230631	85469435	del	2
chr11	85469435	85699594	del	2
chr11	85699594	85917672	del	2
chr11	85917672	86142159	del	2
chr11	86142159	86367605	del	2
chr11	86367605	86587285	amp	2
chr11	86587285	86812576	del	2
chr11	86812576	87055348	del	2
chr11	87055348	87283070	del	2
chr11	87283070	87506068	del	2
chr11	87959490	88206551	del	2
chr11	88206551	88429547	del	2
chr11	88429547	88642372	del	2
chr11	88642372	89199318	del	2
chr11	90105123	90330658	del	2
chr11	90330658	90547740	del	2
chr11	90547740	90767469	amp	2
chr11	90767469	90990510	del	2
chr11	92293894	92505747	del	2
chr11	92505747	92717809	del	2
chr11	92717809	92924139	del	2
chr11	92924139	93156223	del	2
chr11	93156223	93378494	del	2
chr11	93378494	93609183	amp	2
chr11	93609183	93829019	del	2
chr11	93829019	94057866	del	2
chr11	94296511	94538517	del	2
chr11	94538517	94753702	del	2
chr11	94753702	94962922	del	2
chr11	94962922	95177714	del	2
chr11	95177714	95394448	del	2
chr11	95613799	95829438	del	2
chr11	96045598	96256693	del	2
chr11	96256693	96713369	del	2
chr11	98903501	99123390	del	2
chr11	99123390	99332224	del	2
chr11	99332224	99541358	del	2
chr11	99541358	99759811	del	2
chr11	99759811	99977190	del	2
chr11	99977190	100193025	amp	2
chr11	100193025	100415101	del	2
chr11	100646087	100869043	del	2
chr11	100869043	101086458	del	2
chr11	101315006	101533794	del	2
chr11	101533794	101764918	del	2
chr11	101764918	101990106	del	2
chr11	101990106	102217254	del	2
chr11	102217254	102452691	del	2
chr11	102452691	102669955	del	2
chr11	102669955	102888698	del	2
chr11	102888698	103110500	del	2
chr11	103110500	103327084	del	2
chr11	103327084	103548554	del	2
chr11	103770856	103992045	del	2
chr11	103992045	104203213	del	2
chr11	104834476	105053293	del	2
chr11	105484750	105692713	del	2
chr11	105692713	105904908	del	2
chr11	105904908	106113892	del	2
chr11	106543083	106756890	del	2
chr11	106756890	106978716	del	2
chr11	106978716	107191191	del	2
chr11	107191191	107424135	del	2
chr11	107424135	107642740	del	2
chr11	107873626	108111522	amp	2
chr11	108111522	108341016	amp	2
chr11	108341016	108588091	del	2
chr11	108588091	108802639	del	2
chr11	108802639	109015846	del	2
chr11	109909142	110122350	del	2
chr11	110122350	110349635	del	2
chr11	110349635	110586009	del	2
chr11	110586009	110804624	del	2
chr11	111012711	111224627	del	2
chr11	111224627	111437633	del	2
chr11	111437633	111648381	del	2
chr11	111648381	111867922	amp	2
chr11	111867922	112102999	amp	2
chr11	112102999	112331006	del	2
chr11	112331006	112543530	del	2
chr11	112543530	112757250	del	2
chr11	112964236	113171044	amp	2
chr11	113171044	113383010	del	2
chr11	113591867	113820469	del	2
chr11	114047208	114254276	del	2
chr11	114254276	114467947	del	2
chr11	114467947	114702646	del	2
chr11	115123957	115328312	del	2
chr11	115745587	115957016	del	2
chr11	116595744	116814552	del	2
chr11	116814552	117032489	del	2
chr11	117032489	117275556	del	2
chr11	117275556	117498711	del	2
chr11	117498711	117708900	del	2
chr11	117708900	117917745	del	2
chr11	117917745	118134445	amp	2
chr11	118134445	118353080	del	2
chr11	118353080	118579963	del	2
chr11	118579963	118822552	del	2
chr11	118822552	119063291	del	2
chr11	119063291	119292872	del	2
chr11	119292872	119508965	del	2
chr11	119508965	119721782	del	2
chr11	119721782	119927219	del	2
chr11	119927219	120135139	del	2
chr11	120135139	120346374	del	2
chr11	120346374	120560860	del	2
chr11	120560860	120776770	del	2
chr11	120776770	120984535	del	2
chr11	120984535	121199921	del	2
chr11	121199921	121417803	del	2
chr11	121417803	121630187	del	2
chr11	121630187	121852728	del	2
chr11	122074618	122283899	del	2
chr11	122283899	122500447	del	2
chr11	122500447	122736403	del	2
chr11	122736403	122961094	del	2
chr11	123194205	123412998	del	2
chr11	123412998	123627472	amp	2
chr11	123627472	123847049	del	2
chr11	124067827	124284098	del	2
chr11	124503501	124721500	del	2
chr11	124721500	124936303	del	2
chr11	124936303	125156514	amp	2
chr11	125361433	125588898	del	2
chr11	125588898	125816891	del	2
chr11	125816891	126042454	amp	2
chr11	126042454	126263042	del	2
chr11	126263042	126486543	del	2
chr11	126486543	126693562	del	2
chr11	126693562	126898125	del	2
chr11	126898125	127104395	del	2
chr11	128185120	128394228	del	2
chr11	128394228	128602075	del	2
chr11	128602075	128807214	del	2
chr11	128807214	129015773	del	2
chr11	129015773	129238200	del	2
chr11	129238200	129455273	del	2
chr11	129455273	129685194	del	2
chr11	129685194	129925549	amp	2
chr11	130155359	130384397	del	2
chr11	130384397	130601154	del	2
chr11	130811947	131032393	del	2
chr11	131240394	131460502	del	2
chr11	131667673	131875996	del	2
chr11	131875996	132081675	del	2
chr11	132081675	132287255	del	2
chr11	132287255	132512059	del	2
chr11	132512059	132716377	del	2
chr11	132925489	133131721	del	2
chr11	133339783	133547285	del	2
chr11	133979735	134204957	del	2
chr11	134204957	134417730	del	2
chr11	134633331	134844141	del	2
chr12	263770	501357	del	2
chr12	501357	731167	del	2
chr12	731167	958039	del	2
chr12	958039	1192915	del	2
chr12	1192915	1411894	del	2
chr12	1411894	1630479	del	2
chr12	1851458	2062644	del	2
chr12	2062644	2277660	del	2
chr12	2482221	2689367	del	2
chr12	2689367	2925269	del	2
chr12	2925269	3151539	del	2
chr12	3151539	3359218	del	2
chr12	3582106	3792903	del	2
chr12	3792903	4016141	del	2
chr12	4237555	4456755	del	2
chr12	4456755	4672561	del	2
chr12	5950043	6184983	del	2
chr12	6184983	6412477	amp	2
chr12	6412477	6646494	del	2
chr12	6875336	7107665	del	2
chr12	7107665	7340529	del	2
chr12	7340529	7582771	del	2
chr12	7582771	7849173	del	2
chr12	7849173	8509680	del	2
chr12	8509680	8743076	del	2
chr12	8996104	9570697	del	2
chr12	9570697	9805203	del	2
chr12	9805203	10025838	del	2
chr12	10025838	10255321	del	2
chr12	10255321	10509239	del	2
chr12	10509239	10725789	del	2
chr12	10725789	10937988	del	2
chr12	10937988	11169762	del	2
chr12	11169762	11437660	del	2
chr12	11437660	11664807	del	2
chr12	12104903	12334818	del	2
chr12	12334818	12562617	amp	2
chr12	12788644	13017799	del	2
chr12	13017799	13229342	del	2
chr12	13449209	13655581	del	2
chr12	13864002	14075511	del	2
chr12	14545204	14771866	del	2
chr12	14771866	14985168	del	2
chr12	15196336	15405586	del	2
chr12	15405586	15618462	del	2
chr12	15618462	15830764	del	2
chr12	15830764	16049465	del	2
chr12	16259690	16476412	del	2
chr12	16476412	16683961	del	2
chr12	17547654	17780047	del	2
chr12	18009010	18238195	del	2
chr12	19096724	19311508	del	2
chr12	19311508	19546637	del	2
chr12	19989164	20206720	amp	2
chr12	20206720	20418888	del	2
chr12	20418888	20627508	del	2
chr12	20627508	20861692	del	2
chr12	20861692	21089075	del	2
chr12	21089075	21316446	del	2
chr12	21316446	21544294	del	2
chr12	21544294	21764879	del	2
chr12	21988170	22214434	del	2
chr12	22214434	22451871	del	2
chr12	22451871	22667211	del	2
chr12	22667211	22880056	del	2
chr12	23541289	23747450	del	2
chr12	23747450	23956904	amp	2
chr12	23956904	24162661	del	2
chr12	24162661	24370570	del	2
chr12	24370570	24579953	del	2
chr12	25015219	25240744	del	2
chr12	25462109	25700884	amp	2
chr12	25915591	26128636	del	2
chr12	26128636	26344027	amp	2
chr12	26344027	26553157	del	2
chr12	26553157	26767849	del	2
chr12	26767849	26990718	del	2
chr12	26990718	27237417	del	2
chr12	27237417	27460190	del	2
chr12	27460190	27683742	amp	2
chr12	27683742	27903417	del	2
chr12	27903417	28117316	del	2
chr12	28330951	28551100	del	2
chr12	28982699	29203045	del	2
chr12	29434732	29649625	del	2
chr12	29649625	29875070	del	2
chr12	30539772	30761867	del	2
chr12	30761867	30978922	del	2
chr12	30978922	31292664	del	2
chr12	31292664	31527632	del	2
chr12	31527632	31774798	del	2
chr12	32022644	32256599	amp	2
chr12	32494793	32723469	del	2
chr12	33874412	34160707	del	2
chr12	38214938	38471095	del	2
chr12	38697405	38921414	del	2
chr12	39144714	39371953	del	2
chr12	39371953	39600430	del	2
chr12	39600430	39834083	del	2
chr12	40058849	40269767	del	2
chr12	40269767	40479211	del	2
chr12	40479211	40695266	del	2
chr12	40695266	40906835	del	2
chr12	40906835	41124456	del	2
chr12	41124456	41342475	del	2
chr12	41342475	41549408	del	2
chr12	41549408	41777697	del	2
chr12	42237121	42469328	del	2
chr12	42469328	42693741	del	2
chr12	43340414	43559483	amp	2
chr12	43559483	43783150	del	2
chr12	43783150	44009690	del	2
chr12	44009690	44232631	del	2
chr12	44232631	44444868	del	2
chr12	44444868	44663121	del	2
chr12	44663121	44882556	del	2
chr12	44882556	45110749	del	2
chr12	45110749	45335708	del	2
chr12	45335708	45558239	del	2
chr12	45558239	45768313	del	2
chr12	45768313	45980517	del	2
chr12	45980517	46204348	del	2
chr12	46204348	46439755	del	2
chr12	46666609	46892599	amp	2
chr12	46892599	47116559	del	2
chr12	47345880	47577599	del	2
chr12	47577599	47795354	del	2
chr12	47795354	48005089	del	2
chr12	48005089	48224086	amp	2
chr12	48224086	48470607	del	2
chr12	48470607	48714206	del	2
chr12	48714206	48956509	del	2
chr12	48956509	49191352	del	2
chr12	49191352	49432829	del	2
chr12	49432829	49658044	del	2
chr12	49658044	49887907	del	2
chr12	50108290	50355914	del	2
chr12	50355914	50601603	del	2
chr12	50601603	50829789	del	2
chr12	50829789	51077309	amp	2
chr12	51077309	51321831	del	2
chr12	51321831	51542759	del	2
chr12	51542759	51781587	amp	2
chr12	51999688	52221889	del	2
chr12	52435353	52648531	del	2
chr12	52648531	52860110	del	2
chr12	52860110	53101400	del	2
chr12	53101400	53335511	del	2
chr12	53335511	53583786	del	2
chr12	53583786	53809489	del	2
chr12	53809489	54018384	del	2
chr12	54262504	54494110	del	2
chr12	54494110	54704577	del	2
chr12	54704577	54957094	del	2
chr12	54957094	55191772	del	2
chr12	55427026	55688216	del	2
chr12	55688216	55923784	del	2
chr12	56160543	56406818	del	2
chr12	56406818	56651631	del	2
chr12	56651631	56903397	del	2
chr12	56903397	57138527	del	2
chr12	57358564	57596738	del	2
chr12	57596738	57827048	del	2
chr12	57827048	58060526	del	2
chr12	58725596	58942692	del	2
chr12	59389461	59607898	del	2
chr12	59607898	59825784	del	2
chr12	61595618	61809288	del	2
chr12	61809288	62031617	amp	2
chr12	62031617	62245923	del	2
chr12	62245923	62464868	del	2
chr12	62464868	62680795	del	2
chr12	62680795	62896147	del	2
chr12	62896147	63111678	del	2
chr12	63342298	63625365	del	2
chr12	63625365	63916971	del	2
chr12	63916971	64130123	del	2
chr12	64130123	64377925	del	2
chr12	64377925	64611308	del	2
chr12	64838525	65064439	del	2
chr12	65064439	65273797	amp	2
chr12	65273797	65493977	del	2
chr12	65708554	65920720	del	2
chr12	65920720	66144351	del	2
chr12	66144351	66359862	del	2
chr12	66596639	66803509	del	2
chr12	66803509	67012073	del	2
chr12	67224837	67446064	del	2
chr12	67446064	67658199	del	2
chr12	67658199	67882455	del	2
chr12	67882455	68105262	del	2
chr12	68105262	68316324	del	2
chr12	68316324	68532087	del	2
chr12	68532087	68765403	amp	2
chr12	68765403	68997931	del	2
chr12	69221911	69445548	del	2
chr12	69445548	69663929	del	2
chr12	69663929	69892590	del	2
chr12	69892590	70119278	del	2
chr12	70119278	70340665	del	2
chr12	70563434	70781030	del	2
chr12	71429195	71640470	del	2
chr12	71640470	71858414	del	2
chr12	71858414	72068400	del	2
chr12	72068400	72282937	del	2
chr12	72282937	72493535	del	2
chr12	72493535	72717845	del	2
chr12	73161737	73390565	amp	2
chr12	74491763	74713901	del	2
chr12	75143676	75351828	del	2
chr12	75351828	75574717	del	2
chr12	76010836	76233140	del	2
chr12	76456308	76676116	del	2
chr12	76676116	76894240	del	2
chr12	77768678	77983956	del	2
chr12	77983956	78196616	amp	2
chr12	78196616	78409635	del	2
chr12	78837414	79049141	amp	2
chr12	79472568	79702068	del	2
chr12	79702068	79921468	del	2
chr12	79921468	80156148	del	2
chr12	80156148	80377472	del	2
chr12	80377472	80611282	del	2
chr12	80611282	80821114	del	2
chr12	80821114	81030910	amp	2
chr12	81030910	81254785	del	2
chr12	81254785	81460525	del	2
chr12	81460525	81677819	del	2
chr12	81677819	81885847	del	2
chr12	81885847	82110287	del	2
chr12	82544400	82769932	del	2
chr12	82769932	82986678	del	2
chr12	82986678	83198627	del	2
chr12	85811587	86025715	del	2
chr12	86025715	86242136	del	2
chr12	86242136	86459998	del	2
chr12	86459998	86684888	del	2
chr12	86684888	86906794	del	2
chr12	87808950	88032658	del	2
chr12	88032658	88245301	del	2
chr12	89328768	89551661	del	2
chr12	89551661	89760956	del	2
chr12	89760956	89974688	del	2
chr12	91883000	92096251	del	2
chr12	92096251	92308997	del	2
chr12	92308997	92525749	del	2
chr12	92525749	92747401	del	2
chr12	92978780	93194882	del	2
chr12	93194882	93429678	del	2
chr12	93429678	93656778	del	2
chr12	93656778	93868236	del	2
chr12	93868236	94093566	del	2
chr12	94093566	94305975	del	2
chr12	94305975	94532900	del	2
chr12	94532900	94751242	del	2
chr12	94751242	94976614	del	2
chr12	94976614	95209274	del	2
chr12	95209274	95438666	del	2
chr12	95438666	95674550	del	2
chr12	95674550	95904302	del	2
chr12	95904302	96134371	del	2
chr12	96584499	96817207	amp	2
chr12	96817207	97026757	amp	2
chr12	98337604	98567139	del	2
chr12	98567139	98792911	del	2
chr12	98792911	99004933	del	2
chr12	99004933	99218098	del	2
chr12	99435795	99656007	del	2
chr12	99656007	99879078	del	2
chr12	99879078	100109589	del	2
chr12	100109589	100339562	del	2
chr12	100782093	100993732	del	2
chr12	100993732	101221434	del	2
chr12	101221434	101453794	del	2
chr12	101453794	101683897	del	2
chr12	101683897	101910855	del	2
chr12	102124468	102354808	del	2
chr12	102354808	102567998	del	2
chr12	103214056	103444104	del	2
chr12	103444104	103664989	del	2
chr12	103877478	104105751	del	2
chr12	104105751	104341732	del	2
chr12	104560421	104772321	del	2
chr12	104772321	104996001	del	2
chr12	104996001	105217480	del	2
chr12	105217480	105445039	amp	2
chr12	105885223	106091344	amp	2
chr12	106310633	106542487	del	2
chr12	106542487	106761766	del	2
chr12	106761766	106975117	del	2
chr12	106975117	107196570	del	2
chr12	107196570	107412827	del	2
chr12	107412827	107623966	del	2
chr12	107623966	107848222	del	2
chr12	108063985	108268330	del	2
chr12	108268330	108481401	del	2
chr12	108481401	108696554	amp	2
chr12	108696554	108922684	amp	2
chr12	108922684	109158125	amp	2
chr12	109158125	109380057	del	2
chr12	109380057	109595335	del	2
chr12	109595335	109808801	del	2
chr12	109808801	110040385	del	2
chr12	110040385	110281343	del	2
chr12	110281343	110530673	del	2
chr12	110530673	110768903	del	2
chr12	110768903	111001084	del	2
chr12	111001084	111212773	del	2
chr12	111212773	111442862	del	2
chr12	111442862	111686234	del	2
chr12	111686234	111938803	del	2
chr12	111938803	112182621	del	2
chr12	112182621	112417891	del	2
chr12	112417891	112654959	del	2
chr12	112654959	112864105	del	2
chr12	112864105	113083026	del	2
chr12	113083026	113303545	del	2
chr12	113742017	113952048	del	2
chr12	113952048	114166749	del	2
chr12	114592670	114819838	del	2
chr12	115875045	116085303	amp	2
chr12	116085303	116298117	del	2
chr12	116525872	116750196	amp	2
chr12	116750196	116976181	del	2
chr12	116976181	117193702	del	2
chr12	117193702	117418176	del	2
chr12	117418176	117632442	del	2
chr12	117853959	118087259	del	2
chr12	118087259	118330282	amp	2
chr12	118330282	118556551	del	2
chr12	118995907	119212114	del	2
chr12	119212114	119429389	del	2
chr12	119429389	119654219	del	2
chr12	119654219	119876438	del	2
chr12	119876438	120114704	del	2
chr12	120114704	120356219	del	2
chr12	120356219	120601448	del	2
chr12	120601448	120830628	del	2
chr12	120830628	121069011	del	2
chr12	121069011	121307333	del	2
chr12	121307333	121545522	del	2
chr12	121545522	121801655	amp	2
chr12	121801655	122043408	del	2
chr12	122043408	122282348	del	2
chr12	122282348	122529690	del	2
chr12	122529690	122789270	del	2
chr12	122789270	123020066	del	2
chr12	123020066	123247387	del	2
chr12	123247387	123503538	del	2
chr12	123503538	123746318	del	2
chr12	123746318	123964700	del	2
chr12	123964700	124187660	del	2
chr12	124187660	124397972	amp	2
chr12	124397972	124607614	del	2
chr12	124607614	124821908	del	2
chr12	124821908	125061332	del	2
chr12	125278525	125493555	del	2
chr12	126576696	126790989	del	2
chr12	128085953	128296964	del	2
chr12	128296964	128513878	del	2
chr12	128513878	128728767	del	2
chr12	128728767	128957225	del	2
chr12	128957225	129186002	del	2
chr12	129186002	129408152	del	2
chr12	129408152	129627105	del	2
chr12	129627105	129844419	del	2
chr12	129844419	130059200	del	2
chr12	130269260	130479969	del	2
chr12	130479969	130695368	del	2
chr12	130695368	130920384	del	2
chr12	130920384	131135330	amp	2
chr12	131135330	131385856	del	2
chr12	131620758	131863327	amp	2
chr12	131863327	132329325	del	2
chr12	132329325	132548254	del	2
chr13	18982643	19564286	del	2
chr13	19564286	19825412	del	2
chr13	19825412	20062163	del	2
chr13	20062163	20278527	del	2
chr13	20278527	20496410	del	2
chr13	20721674	20951948	amp	2
chr13	20951948	21184959	del	2
chr13	21184959	21437991	del	2
chr13	21437991	21666681	del	2
chr13	21666681	21883966	del	2
chr13	22754579	22997515	del	2
chr13	22997515	23219645	del	2
chr13	23448087	23670146	amp	2
chr13	23670146	23888789	del	2
chr13	23888789	24106336	del	2
chr13	24106336	24320616	del	2
chr13	24320616	24613459	del	2
chr13	24613459	24839201	del	2
chr13	24839201	25097950	del	2
chr13	25097950	25313852	del	2
chr13	25313852	25536129	del	2
chr13	26193065	26408625	del	2
chr13	26408625	26621771	amp	2
chr13	26621771	26839483	del	2
chr13	27052104	27276525	del	2
chr13	27496705	27706620	del	2
chr13	27923385	28154418	amp	2
chr13	28370928	28582540	del	2
chr13	28582540	28811528	del	2
chr13	28811528	29033240	del	2
chr13	29033240	29254283	del	2
chr13	29254283	29475279	del	2
chr13	29475279	29701113	del	2
chr13	29701113	29917356	del	2
chr13	29917356	30128884	del	2
chr13	30128884	30353056	amp	2
chr13	30353056	30578801	del	2
chr13	30578801	30795747	del	2
chr13	30795747	31009752	del	2
chr13	31009752	31219925	del	2
chr13	31680324	31894894	del	2
chr13	31894894	32108096	del	2
chr13	32108096	32320870	del	2
chr13	32320870	32543182	del	2
chr13	32768259	32979659	del	2
chr13	32979659	33187464	del	2
chr13	33399351	33619575	del	2
chr13	33619575	33833197	del	2
chr13	34471549	34693942	del	2
chr13	34908412	35138405	del	2
chr13	35138405	35352228	del	2
chr13	35352228	35568439	del	2
chr13	35568439	35778476	del	2
chr13	35778476	35990024	del	2
chr13	35990024	36205395	del	2
chr13	36205395	36423517	amp	2
chr13	36423517	36641492	del	2
chr13	37297320	37509656	del	2
chr13	37509656	37719745	del	2
chr13	37933475	38164031	del	2
chr13	38164031	38383694	amp	2
chr13	39020688	39235148	amp	2
chr13	39235148	39449159	del	2
chr13	39449159	39662442	del	2
chr13	39662442	39878719	amp	2
chr13	40299656	40519308	del	2
chr13	40756506	41013120	del	2
chr13	41013120	41244853	del	2
chr13	41244853	41485828	del	2
chr13	41485828	41705873	del	2
chr13	41705873	41929328	del	2
chr13	41929328	42146661	del	2
chr13	42146661	42357596	del	2
chr13	42357596	42591194	del	2
chr13	42591194	42804749	del	2
chr13	42804749	43026850	del	2
chr13	43242410	43450181	del	2
chr13	43450181	43662509	amp	2
chr13	43662509	43880352	del	2
chr13	43880352	44100135	del	2
chr13	44100135	44307462	del	2
chr13	44307462	44519944	del	2
chr13	44519944	44746375	del	2
chr13	44746375	44969386	del	2
chr13	44969386	45196907	del	2
chr13	45196907	45437358	del	2
chr13	45437358	45673129	del	2
chr13	45673129	45884059	del	2
chr13	45884059	46093360	del	2
chr13	46093360	46309388	del	2
chr13	46309388	46565074	del	2
chr13	47883405	48121643	del	2
chr13	48347126	48571158	del	2
chr13	48571158	48791818	del	2
chr13	48791818	49007508	del	2
chr13	49007508	49239298	del	2
chr13	49239298	49456801	del	2
chr13	49456801	49686097	del	2
chr13	49686097	49920398	del	2
chr13	49920398	50145147	del	2
chr13	50145147	50368819	del	2
chr13	50368819	50585221	del	2
chr13	50585221	50798587	del	2
chr13	51015275	51236738	del	2
chr13	51236738	51445529	del	2
chr13	51445529	51680145	del	2
chr13	51680145	51897297	del	2
chr13	58158480	58373426	del	2
chr13	59448435	59665710	del	2
chr13	59665710	59878014	del	2
chr13	59878014	60089593	del	2
chr13	60089593	60308566	del	2
chr13	60308566	60526034	del	2
chr13	60526034	60747972	del	2
chr13	63774436	64024746	del	2
chr13	64024746	64243843	del	2
chr13	66156063	66374144	del	2
chr13	66374144	66584621	del	2
chr13	66800317	67008696	amp	2
chr13	67008696	67216400	del	2
chr13	67216400	67428535	del	2
chr13	69774412	69991097	amp	2
chr13	69991097	70203988	amp	2
chr13	71254281	71467548	amp	2
chr13	71467548	71672997	del	2
chr13	71672997	71880842	del	2
chr13	72516522	72737355	del	2
chr13	72737355	72955450	del	2
chr13	72955450	73187965	del	2
chr13	73617176	73833527	del	2
chr13	73833527	74039303	del	2
chr13	74254015	74470174	del	2
chr13	75125082	75345546	del	2
chr13	75558955	75783180	del	2
chr13	75783180	75993076	del	2
chr13	76857578	77073004	del	2
chr13	77073004	77287313	del	2
chr13	77287313	77502458	del	2
chr13	77724849	77932629	del	2
chr13	77932629	78161225	del	2
chr13	78161225	78366501	del	2
chr13	78366501	78585022	del	2
chr13	78585022	78794019	del	2
chr13	79228867	79447438	del	2
chr13	79447438	79665345	del	2
chr13	80113606	80344707	del	2
chr13	81001411	81218516	del	2
chr13	87272784	87491473	del	2
chr13	87491473	87703612	del	2
chr13	88120367	88332079	del	2
chr13	91304307	91518530	del	2
chr13	91518530	91731158	del	2
chr13	91731158	91952658	del	2
chr13	91952658	92172474	del	2
chr13	92172474	92389692	del	2
chr13	92610438	92843050	del	2
chr13	93266836	93478178	del	2
chr13	93478178	93695076	del	2
chr13	93695076	93906107	del	2
chr13	93906107	94116487	del	2
chr13	94116487	94324608	del	2
chr13	94324608	94545146	del	2
chr13	94980207	95196546	del	2
chr13	95196546	95436199	del	2
chr13	95436199	95656342	del	2
chr13	95656342	95881281	del	2
chr13	95881281	96106831	del	2
chr13	97181520	97389987	del	2
chr13	97389987	97603875	del	2
chr13	98071435	98296323	del	2
chr13	98296323	98507658	del	2
chr13	98507658	98732260	del	2
chr13	98732260	98947081	del	2
chr13	99162605	99384563	del	2
chr13	99384563	99608668	del	2
chr13	99608668	99835697	amp	2
chr13	99835697	100060014	del	2
chr13	100060014	100291265	del	2
chr13	100291265	100511421	del	2
chr13	100511421	100733498	del	2
chr13	100733498	100948208	del	2
chr13	100948208	101167346	del	2
chr13	101167346	101385734	del	2
chr13	101385734	101598196	del	2
chr13	101598196	101810585	del	2
chr13	101810585	102018943	del	2
chr13	102018943	102231544	del	2
chr13	102231544	102436280	del	2
chr13	102436280	102657467	del	2
chr13	102657467	102869984	del	2
chr13	102869984	103077559	del	2
chr13	105612769	105821652	del	2
chr13	106460282	106666024	del	2
chr13	107099363	107308111	del	2
chr13	107518383	107727159	del	2
chr13	108156669	108371239	del	2
chr13	108589064	108803977	del	2
chr13	108803977	109021194	del	2
chr13	109663686	109877769	del	2
chr13	110096891	110305116	del	2
chr13	110514213	110744143	del	2
chr13	110744143	110960555	amp	2
chr13	110960555	111182696	del	2
chr13	111182696	111396833	del	2
chr13	112423237	112639688	del	2
chr13	112639688	112859991	del	2
chr13	112859991	113075981	del	2
chr13	113075981	113294864	del	2
chr13	113294864	113530181	del	2
chr13	113530181	113799136	del	2
chr13	113799136	114055588	amp	2
chr13	114055588	114283294	amp	2
chr14	20042849	20288814	del	2
chr14	20288814	20514320	del	2
chr14	20514320	20736682	del	2
chr14	20990869	21212723	del	2
chr14	21212723	21446652	del	2
chr14	21446652	21683412	del	2
chr14	22547843	22794939	del	2
chr14	22794939	23034768	del	2
chr14	23034768	23261634	del	2
chr14	23261634	23481388	del	2
chr14	23481388	23702067	del	2
chr14	23931103	24213197	del	2
chr14	24427977	24671737	del	2
chr14	24671737	24888991	del	2
chr14	24888991	25096096	del	2
chr14	26422143	26636061	del	2
chr14	29500370	29712361	amp	2
chr14	29712361	29930348	del	2
chr14	30370204	30589410	del	2
chr14	30589410	30812325	del	2
chr14	31034572	31277712	del	2
chr14	31277712	31509972	del	2
chr14	31509972	31746267	del	2
chr14	31975013	32192691	del	2
chr14	32192691	32421252	del	2
chr14	32421252	32643096	del	2
chr14	32643096	32859372	del	2
chr14	32859372	33070281	del	2
chr14	33488971	33695716	del	2
chr14	33695716	33911223	del	2
chr14	33911223	34125554	del	2
chr14	34358792	34630255	del	2
chr14	34873861	35124198	del	2
chr14	35362617	35588563	amp	2
chr14	35588563	35815774	del	2
chr14	35815774	36043423	del	2
chr14	36272369	36489658	del	2
chr14	36703079	36915869	del	2
chr14	36915869	37126974	amp	2
chr14	37126974	37360463	del	2
chr14	37360463	37585726	del	2
chr14	37811652	38030222	del	2
chr14	38909015	39154779	del	2
chr14	39154779	39394386	del	2
chr14	39394386	39633342	del	2
chr14	40739950	40959039	del	2
chr14	40959039	41169043	del	2
chr14	41611911	41827824	del	2
chr14	41827824	42042652	del	2
chr14	44701083	44928414	del	2
chr14	44928414	45152256	del	2
chr14	45840799	46068138	del	2
chr14	46068138	46296866	del	2
chr14	46296866	46518096	del	2
chr14	46518096	46736563	del	2
chr14	46948288	47161700	amp	2
chr14	47161700	47375932	del	2
chr14	47375932	47589818	amp	2
chr14	49377341	49603575	del	2
chr14	49603575	49842120	del	2
chr14	49842120	50071404	del	2
chr14	50526920	50749988	del	2
chr14	50973001	51187995	del	2
chr14	51405856	51621033	del	2
chr14	51621033	51852599	del	2
chr14	52058863	52292476	del	2
chr14	52292476	52519021	del	2
chr14	52519021	52747314	del	2
chr14	52974144	53203638	del	2
chr14	53862756	54086683	del	2
chr14	54303789	54525655	del	2
chr14	54525655	54736264	del	2
chr14	54736264	54968119	del	2
chr14	54968119	55195970	del	2
chr14	55195970	55417673	del	2
chr14	55417673	55642182	del	2
chr14	55642182	55856458	del	2
chr14	56081877	56292628	del	2
chr14	56292628	56519797	del	2
chr14	56519797	56743267	amp	2
chr14	56743267	56957041	del	2
chr14	57182959	57407366	del	2
chr14	57407366	57635290	del	2
chr14	57635290	57867376	del	2
chr14	57867376	58090245	del	2
chr14	58090245	58315674	del	2
chr14	58315674	58542723	del	2
chr14	58542723	58763207	amp	2
chr14	59191490	59403079	del	2
chr14	59403079	59633622	amp	2
chr14	59633622	59852309	amp	2
chr14	59852309	60086671	del	2
chr14	60086671	60296550	del	2
chr14	60296550	60532465	del	2
chr14	60532465	60757291	del	2
chr14	60757291	60985598	del	2
chr14	60985598	61220183	del	2
chr14	61220183	61433440	del	2
chr14	61433440	61640297	del	2
chr14	61640297	61862802	del	2
chr14	61862802	62078952	del	2
chr14	62078952	62297201	del	2
chr14	62513036	62737259	del	2
chr14	62737259	62955346	del	2
chr14	62955346	63179529	del	2
chr14	63179529	63399340	del	2
chr14	63399340	63632384	del	2
chr14	63632384	63876264	del	2
chr14	63876264	64096430	del	2
chr14	64096430	64318082	del	2
chr14	64318082	64550759	del	2
chr14	64550759	64772894	del	2
chr14	64772894	64990794	del	2
chr14	64990794	65216904	del	2
chr14	65446878	65668268	del	2
chr14	65668268	65887198	del	2
chr14	66331536	66550240	amp	2
chr14	66550240	66783078	del	2
chr14	67233659	67459815	del	2
chr14	67459815	67680588	del	2
chr14	67680588	67905376	del	2
chr14	67905376	68126859	amp	2
chr14	68338106	68552600	del	2
chr14	68552600	68761044	del	2
chr14	68761044	68975041	del	2
chr14	68975041	69194505	del	2
chr14	69194505	69410830	del	2
chr14	69410830	69635755	del	2
chr14	69635755	69857409	del	2
chr14	69857409	70063036	del	2
chr14	70063036	70284373	del	2
chr14	70284373	70532298	del	2
chr14	70532298	70754997	del	2
chr14	70754997	70980462	amp	2
chr14	71207839	71428594	del	2
chr14	71428594	71645175	del	2
chr14	71645175	71879809	del	2
chr14	71879809	72100073	del	2
chr14	72100073	72310742	del	2
chr14	72310742	72531580	del	2
chr14	72736563	72958290	del	2
chr14	72958290	73204588	del	2
chr14	73204588	73433903	amp	2
chr14	73433903	73700810	del	2
chr14	73700810	73935745	del	2
chr14	73935745	74175074	del	2
chr14	74175074	74409534	del	2
chr14	74409534	74622292	del	2
chr14	74622292	74851034	del	2
chr14	75073568	75307451	del	2
chr14	75307451	75521538	del	2
chr14	75737020	75955421	del	2
chr14	75955421	76165549	del	2
chr14	76165549	76376513	del	2
chr14	76376513	76595504	del	2
chr14	76595504	76823459	del	2
chr14	76823459	77055173	del	2
chr14	77055173	77269981	del	2
chr14	77269981	77493120	del	2
chr14	77728589	77956543	del	2
chr14	77956543	78172853	del	2
chr14	78172853	78380940	amp	2
chr14	78380940	78591583	del	2
chr14	78591583	78798196	del	2
chr14	78798196	79008542	del	2
chr14	79008542	79222838	del	2
chr14	79222838	79441182	del	2
chr14	79441182	79652322	del	2
chr14	79652322	79866486	del	2
chr14	80087518	80308351	del	2
chr14	80308351	80526005	del	2
chr14	80526005	80742543	del	2
chr14	80742543	80959269	del	2
chr14	80959269	81180644	del	2
chr14	81180644	81398582	del	2
chr14	81398582	81623008	del	2
chr14	82690023	82900370	del	2
chr14	85427617	85637746	del	2
chr14	85637746	85856210	del	2
chr14	85856210	86084661	del	2
chr14	88038111	88253876	del	2
chr14	88483692	88705768	del	2
chr14	89142182	89355023	del	2
chr14	89355023	89583274	del	2
chr14	89583274	89804684	del	2
chr14	89804684	90019078	del	2
chr14	90252584	90478171	del	2
chr14	90478171	90688194	amp	2
chr14	90688194	90911593	amp	2
chr14	90911593	91137001	del	2
chr14	91137001	91360264	del	2
chr14	91360264	91598290	del	2
chr14	91823557	92040981	del	2
chr14	92279141	92490236	del	2
chr14	92490236	92709553	del	2
chr14	92709553	92943392	amp	2
chr14	92943392	93160333	del	2
chr14	93389923	93612332	del	2
chr14	93612332	93821005	amp	2
chr14	93821005	94028880	del	2
chr14	94028880	94246715	del	2
chr14	94246715	94459483	del	2
chr14	94891538	95102054	del	2
chr14	95102054	95312689	del	2
chr14	95312689	95524557	amp	2
chr14	95740647	95947829	amp	2
chr14	95947829	96163611	del	2
chr14	96163611	96373850	del	2
chr14	96373850	96598770	del	2
chr14	96598770	96811721	del	2
chr14	96811721	97018942	del	2
chr14	97439944	97643773	del	2
chr14	97643773	97858709	del	2
chr14	97858709	98067262	del	2
chr14	99109618	99318105	del	2
chr14	99318105	99528433	del	2
chr14	99528433	99741147	del	2
chr14	99741147	99954758	del	2
chr14	99954758	100170784	del	2
chr14	100170784	100401452	del	2
chr14	100401452	100609133	del	2
chr14	100821687	101028845	del	2
chr14	101028845	101237257	del	2
chr14	101665202	101892717	del	2
chr14	102129525	102367633	del	2
chr14	102367633	102610229	del	2
chr14	102610229	102841525	del	2
chr14	102841525	103066517	amp	2
chr14	103066517	103292898	del	2
chr14	103292898	103523657	del	2
chr14	103523657	103755626	del	2
chr14	103755626	103995399	del	2
chr14	103995399	104206035	del	2
chr14	104634437	104855295	del	2
chr14	104855295	105083361	del	2
chr14	105083361	105317300	del	2
chr14	105317300	105880425	del	2
chr14	105880425	106166591	del	2
chr14	106434066	106662550	del	2
chr15	23050531	23514802	del	2
chr15	23514802	23741083	del	2
chr15	23959364	24613171	del	2
chr15	24613171	24840980	del	2
chr15	24840980	25063421	del	2
chr15	25063421	25279708	del	2
chr15	25279708	25495320	del	2
chr15	25495320	25707242	del	2
chr15	25707242	25918103	del	2
chr15	25918103	26136118	del	2
chr15	27832043	29009620	amp	2
chr15	29009620	29231738	del	2
chr15	29231738	29451602	amp	2
chr15	29451602	29674006	amp	2
chr15	29674006	30959472	del	2
chr15	30959472	31175748	del	2
chr15	31175748	31390796	del	2
chr15	31390796	31609714	del	2
chr15	31895827	32769714	del	2
chr15	32769714	32982207	del	2
chr15	32982207	33195040	del	2
chr15	33195040	33415569	amp	2
chr15	33415569	33625421	del	2
chr15	33625421	33844641	del	2
chr15	33844641	34071713	del	2
chr15	34071713	34641834	del	2
chr15	34641834	34851199	del	2
chr15	34851199	35085774	del	2
chr15	35305294	35527375	del	2
chr15	35527375	35736498	del	2
chr15	35736498	35943155	del	2
chr15	36374342	36586759	del	2
chr15	36586759	36799491	amp	2
chr15	38111716	38330910	del	2
chr15	38330910	38539524	del	2
chr15	38539524	38758173	del	2
chr15	39198516	39415067	del	2
chr15	39415067	39627619	del	2
chr15	39627619	39836367	del	2
chr15	40054506	40276039	del	2
chr15	40276039	40491724	del	2
chr15	40491724	40737343	del	2
chr15	40737343	40966365	del	2
chr15	41209968	41471085	del	2
chr15	41706268	41921386	del	2
chr15	41921386	42133378	del	2
chr15	42133378	42359496	del	2
chr15	42359496	42590105	del	2
chr15	42590105	42820352	del	2
chr15	42820352	43057953	del	2
chr15	43057953	43287894	del	2
chr15	43287894	43888557	amp	2
chr15	43888557	44115135	del	2
chr15	44115135	44356961	del	2
chr15	44356961	44603634	del	2
chr15	44603634	44872326	del	2
chr15	44872326	45170408	del	2
chr15	45170408	45398073	del	2
chr15	45398073	45630826	del	2
chr15	45630826	45853646	del	2
chr15	46940028	47184390	del	2
chr15	47184390	47395719	del	2
chr15	47395719	47599638	del	2
chr15	48012301	48219494	del	2
chr15	48219494	48432778	del	2
chr15	48432778	48637746	amp	2
chr15	48637746	48847511	amp	2
chr15	48847511	49063573	del	2
chr15	49063573	49289624	del	2
chr15	49289624	49522862	del	2
chr15	49522862	49742239	del	2
chr15	49742239	49965322	del	2
chr15	49965322	50187233	amp	2
chr15	50187233	50418032	del	2
chr15	50418032	50649985	del	2
chr15	50649985	50895348	del	2
chr15	50895348	51124138	del	2
chr15	51124138	51338402	del	2
chr15	51338402	51558645	del	2
chr15	51558645	51785690	del	2
chr15	51785690	52018538	del	2
chr15	52018538	52245832	del	2
chr15	52463098	52684585	del	2
chr15	52684585	52910038	del	2
chr15	53341551	53560844	del	2
chr15	53560844	53774325	amp	2
chr15	53774325	53990372	del	2
chr15	54208269	54416656	del	2
chr15	54416656	54637891	del	2
chr15	55094952	55330177	del	2
chr15	55330177	55577474	del	2
chr15	55577474	55801255	del	2
chr15	55801255	56036041	del	2
chr15	56036041	56264909	del	2
chr15	56495474	56721445	del	2
chr15	56721445	56939290	amp	2
chr15	56939290	57150803	del	2
chr15	57150803	57366251	del	2
chr15	57575856	57785463	del	2
chr15	57785463	57997824	del	2
chr15	58220695	58435175	del	2
chr15	58435175	58645213	del	2
chr15	58645213	58872378	del	2
chr15	58872378	59097880	del	2
chr15	59097880	59318189	del	2
chr15	59318189	59548809	del	2
chr15	59548809	59774252	del	2
chr15	59996117	60206591	amp	2
chr15	60430376	60640904	del	2
chr15	60640904	60848046	del	2
chr15	60848046	61060120	del	2
chr15	61689848	61897256	del	2
chr15	61897256	62126859	del	2
chr15	62126859	62351471	del	2
chr15	62568762	62779295	del	2
chr15	62779295	62990770	del	2
chr15	63210043	63427165	del	2
chr15	63427165	63646412	del	2
chr15	63646412	63868239	del	2
chr15	63868239	64092676	del	2
chr15	64092676	64321523	del	2
chr15	64567178	64809945	amp	2
chr15	65504951	65730079	del	2
chr15	65730079	65956167	amp	2
chr15	65956167	66165307	del	2
chr15	66165307	66393243	del	2
chr15	66393243	66624551	amp	2
chr15	66624551	66839725	amp	2
chr15	67061771	67273575	del	2
chr15	67273575	67498140	del	2
chr15	67498140	67719075	del	2
chr15	67719075	67931470	amp	2
chr15	67931470	68150885	del	2
chr15	68150885	68366244	del	2
chr15	68366244	68574816	del	2
chr15	68574816	68791781	del	2
chr15	68791781	69015186	del	2
chr15	69015186	69224041	amp	2
chr15	69224041	69441932	del	2
chr15	69441932	69659774	del	2
chr15	69870778	70076416	del	2
chr15	70076416	70282144	del	2
chr15	70492983	70708910	amp	2
chr15	70708910	70937195	del	2
chr15	70937195	71165812	del	2
chr15	71165812	71390641	del	2
chr15	71605690	71828810	del	2
chr15	71828810	72045871	del	2
chr15	72272333	72505877	del	2
chr15	72505877	72771309	del	2
chr15	72771309	72985616	del	2
chr15	72985616	73196591	amp	2
chr15	73196591	73417302	del	2
chr15	73417302	73645785	del	2
chr15	73645785	73857833	del	2
chr15	73857833	74119006	del	2
chr15	74560005	74787980	del	2
chr15	75025386	75309430	del	2
chr15	75309430	75557129	del	2
chr15	75557129	75820780	del	2
chr15	75820780	76047892	amp	2
chr15	76047892	76274067	del	2
chr15	76274067	76494057	del	2
chr15	76731166	76959193	del	2
chr15	76959193	77179734	del	2
chr15	77179734	77409292	del	2
chr15	77409292	77618414	del	2
chr15	77618414	77821612	del	2
chr15	77821612	78087911	del	2
chr15	78087911	78308311	del	2
chr15	78308311	78533250	del	2
chr15	78533250	78793382	del	2
chr15	78793382	79023646	del	2
chr15	79023646	79229563	amp	2
chr15	79229563	79443657	del	2
chr15	79443657	79661623	del	2
chr15	79661623	79886602	del	2
chr15	80120285	80334713	amp	2
chr15	80334713	80542586	del	2
chr15	80542586	80754016	del	2
chr15	80754016	80963349	del	2
chr15	80963349	81184331	del	2
chr15	82801716	83035365	del	2
chr15	83259770	83490574	del	2
chr15	83706121	84509090	del	2
chr15	84509090	84784785	del	2
chr15	84784785	85003042	amp	2
chr15	85003042	85310652	del	2
chr15	85758805	85982545	del	2
chr15	85982545	86198314	del	2
chr15	86198314	86409669	del	2
chr15	86409669	86636866	del	2
chr15	86636866	86851975	del	2
chr15	86851975	87072682	del	2
chr15	87736760	87952553	del	2
chr15	87952553	88160311	del	2
chr15	88371150	88598320	del	2
chr15	88598320	88813273	del	2
chr15	88813273	89047401	del	2
chr15	89271507	89482234	del	2
chr15	89482234	89711372	del	2
chr15	89711372	89943425	amp	2
chr15	89943425	90180349	del	2
chr15	90180349	90420076	del	2
chr15	90420076	90646498	del	2
chr15	90646498	90879587	del	2
chr15	90879587	91108845	del	2
chr15	91108845	91325864	del	2
chr15	91758235	91968141	del	2
chr15	91968141	92178741	del	2
chr15	92609733	92850582	del	2
chr15	92850582	93068909	del	2
chr15	93068909	93290429	del	2
chr15	93741242	93959912	del	2
chr15	93959912	94174516	del	2
chr15	94174516	94388574	del	2
chr15	94388574	94594919	del	2
chr15	95232323	95441489	del	2
chr15	95441489	95647649	del	2
chr15	96063429	96275179	amp	2
chr15	96275179	96483904	del	2
chr15	97565649	97777047	del	2
chr15	97777047	97984667	del	2
chr15	97984667	98205816	del	2
chr15	98419007	98644127	del	2
chr15	98644127	98853266	del	2
chr15	98853266	99076193	del	2
chr15	99076193	99296581	del	2
chr15	99296581	99516155	del	2
chr15	99516155	99729013	del	2
chr15	99729013	99981207	amp	2
chr15	99981207	100204782	del	2
chr15	100204782	100431132	del	2
chr15	100876836	101089936	del	2
chr15	101089936	101306258	del	2
chr15	101306258	101518138	del	2
chr15	101518138	101739055	del	2
chr16	274166	513748	del	2
chr16	513748	730202	amp	2
chr16	730202	955325	del	2
chr16	955325	1166401	del	2
chr16	1166401	1407904	del	2
chr16	1631337	1857983	del	2
chr16	1857983	2089018	del	2
chr16	2089018	2343203	del	2
chr16	2343203	2657544	del	2
chr16	2899867	3135677	del	2
chr16	3135677	3367693	amp	2
chr16	3597222	3822544	del	2
chr16	3822544	4055244	del	2
chr16	4055244	4288256	del	2
chr16	4519942	4752109	del	2
chr16	4752109	4982985	del	2
chr16	4982985	5262195	del	2
chr16	5919165	6130092	del	2
chr16	6343957	6556572	del	2
chr16	6556572	6769371	del	2
chr16	6769371	6983425	del	2
chr16	6983425	7194520	del	2
chr16	7194520	7403458	del	2
chr16	7403458	7614951	del	2
chr16	8476639	8701851	del	2
chr16	8701851	8935295	del	2
chr16	9616414	9837004	del	2
chr16	9837004	10049295	del	2
chr16	10049295	10263540	del	2
chr16	10263540	10516241	del	2
chr16	10516241	10739394	del	2
chr16	10963926	11175050	del	2
chr16	11399834	11627142	del	2
chr16	11861638	12130693	del	2
chr16	12130693	12344587	del	2
chr16	12344587	12558752	del	2
chr16	12558752	12781886	del	2
chr16	13006280	13226690	del	2
chr16	13226690	13447789	del	2
chr16	13881500	14103212	del	2
chr16	14318832	15581790	del	2
chr16	15581790	15810567	del	2
chr16	15810567	16764362	del	2
chr16	17214553	17429605	del	2
chr16	17429605	17646341	del	2
chr16	19228961	19450959	amp	2
chr16	19450959	19679835	amp	2
chr16	20122495	20657322	amp	2
chr16	20657322	20881112	del	2
chr16	20881112	21114240	del	2
chr16	21114240	21948584	del	2
chr16	21948584	22167050	del	2
chr16	22167050	22793044	del	2
chr16	22793044	23006411	amp	2
chr16	23006411	23224075	del	2
chr16	23224075	23454339	del	2
chr16	23454339	23689637	amp	2
chr16	23689637	23915340	del	2
chr16	23915340	24131989	del	2
chr16	24131989	24346332	amp	2
chr16	24346332	24572026	del	2
chr16	24572026	24802826	del	2
chr16	24802826	25028255	del	2
chr16	25028255	25262962	del	2
chr16	27450059	27670945	del	2
chr16	27670945	27883484	del	2
chr16	27883484	28105156	del	2
chr16	28105156	29796796	amp	2
chr16	29796796	30410998	del	2
chr16	30410998	30661918	del	2
chr16	30661918	30903678	amp	2
chr16	30903678	31140425	del	2
chr16	31140425	31395474	del	2
chr16	31395474	31640121	del	2
chr16	31640121	35176129	del	2
chr16	46469900	46714035	del	2
chr16	46714035	46941804	del	2
chr16	46941804	47171393	del	2
chr16	47171393	47402172	del	2
chr16	47402172	47627894	del	2
chr16	47627894	47863019	del	2
chr16	47863019	48086119	del	2
chr16	48535157	48757069	del	2
chr16	49406127	49609775	amp	2
chr16	49609775	49821275	del	2
chr16	49821275	50040620	del	2
chr16	50040620	50268524	del	2
chr16	50268524	50484412	del	2
chr16	50484412	50692454	del	2
chr16	50692454	50899853	del	2
chr16	51960029	52178235	del	2
chr16	53030302	53253629	del	2
chr16	53253629	53492807	del	2
chr16	53492807	53713780	del	2
chr16	53713780	53926657	del	2
chr16	53926657	54139749	del	2
chr16	55405077	55622723	del	2
chr16	55622723	55872509	amp	2
chr16	56080979	56293021	del	2
chr16	56293021	56512518	del	2
chr16	56512518	56734406	del	2
chr16	56734406	56956158	del	2
chr16	56956158	57174264	del	2
chr16	57174264	57404971	del	2
chr16	57404971	57623787	del	2
chr16	57623787	57838522	del	2
chr16	57838522	58060684	del	2
chr16	58060684	58288320	del	2
chr16	58288320	58514317	del	2
chr16	58514317	58751313	del	2
chr16	61832915	62045737	del	2
chr16	65225704	65447659	del	2
chr16	66296175	66515957	del	2
chr16	66515957	66745474	del	2
chr16	66745474	66973410	del	2
chr16	66973410	67202069	del	2
chr16	67202069	67427410	del	2
chr16	67427410	67662056	del	2
chr16	67662056	67902313	del	2
chr16	67902313	68137189	del	2
chr16	68137189	68367384	amp	2
chr16	68367384	68590097	del	2
chr16	68590097	68833121	del	2
chr16	68833121	69074335	del	2
chr16	69316729	69552203	del	2
chr16	71212490	71431366	del	2
chr16	71662490	71897920	del	2
chr16	71897920	72129965	del	2
chr16	72129965	72353881	del	2
chr16	72353881	72573932	del	2
chr16	72573932	72802252	del	2
chr16	72802252	73012786	del	2
chr16	73012786	73228798	del	2
chr16	74084779	74638660	del	2
chr16	74638660	74870868	del	2
chr16	75335025	75575383	del	2
chr16	75575383	75810714	del	2
chr16	76256418	76467490	del	2
chr16	76467490	76680043	del	2
chr16	77319947	77537235	del	2
chr16	77537235	77748484	del	2
chr16	77965802	78182034	del	2
chr16	78182034	78393596	del	2
chr16	78393596	78603814	del	2
chr16	78603814	78814205	amp	2
chr16	78814205	79024881	del	2
chr16	79024881	79234920	del	2
chr16	79446463	79651491	del	2
chr16	79651491	79859699	del	2
chr16	80494700	80707433	del	2
chr16	80707433	80923769	del	2
chr16	80923769	81155164	del	2
chr16	81155164	81383464	del	2
chr16	81383464	81598449	del	2
chr16	81598449	81818035	del	2
chr16	81818035	82037473	del	2
chr16	82469143	82675941	del	2
chr16	82675941	82882060	del	2
chr16	82882060	83090845	del	2
chr16	83090845	83300931	del	2
chr16	83300931	83511553	del	2
chr16	83511553	83728671	del	2
chr16	83728671	83945744	amp	2
chr16	84384284	84606362	del	2
chr16	84606362	84828274	del	2
chr16	84828274	85055183	del	2
chr16	85488338	85697514	del	2
chr16	85697514	85920163	del	2
chr16	85920163	86130687	del	2
chr16	86352234	86558647	del	2
chr16	86558647	86773972	del	2
chr16	86980735	87193898	del	2
chr16	87193898	87411267	del	2
chr16	87411267	87642531	del	2
chr16	87874689	88163509	del	2
chr16	88163509	88448534	del	2
chr16	88448534	88663494	del	2
chr16	88663494	88881642	del	2
chr16	88881642	89101067	del	2
chr16	89101067	89326730	amp	2
chr16	89798655	90037679	del	2
chr17	150208	687993	del	2
chr17	687993	931038	del	2
chr17	931038	1178589	del	2
chr17	1439109	1676963	del	2
chr17	1676963	1926740	del	2
chr17	1926740	2153400	del	2
chr17	2384310	2632343	amp	2
chr17	2632343	2875802	del	2
chr17	2875802	3131758	del	2
chr17	3131758	3424633	del	2
chr17	3424633	3663815	del	2
chr17	3663815	3906615	del	2
chr17	3906615	4131408	del	2
chr17	4131408	4359179	del	2
chr17	4359179	4596340	del	2
chr17	4596340	4843114	del	2
chr17	4843114	5083637	del	2
chr17	5083637	5348167	amp	2
chr17	5348167	5572092	del	2
chr17	5572092	5797369	del	2
chr17	6238975	6459437	del	2
chr17	6676736	6916526	del	2
chr17	6916526	7156845	del	2
chr17	7390613	7627006	del	2
chr17	7860458	8084685	del	2
chr17	8084685	8318737	del	2
chr17	8545077	8766350	del	2
chr17	8987116	9213273	del	2
chr17	9213273	9444552	del	2
chr17	9444552	9685930	amp	2
chr17	9685930	9909504	del	2
chr17	9909504	10133609	del	2
chr17	10133609	10364384	del	2
chr17	10364384	10583232	del	2
chr17	10583232	10805607	del	2
chr17	10805607	11023831	del	2
chr17	11023831	11244359	del	2
chr17	11244359	11458573	del	2
chr17	11458573	11675018	del	2
chr17	11675018	11901542	del	2
chr17	11901542	12124220	del	2
chr17	12124220	12347451	del	2
chr17	12569154	12791119	del	2
chr17	12791119	13009356	del	2
chr17	13441028	13656021	del	2
chr17	13878673	14100595	del	2
chr17	14100595	14334445	del	2
chr17	14334445	14557230	del	2
chr17	15201956	15808428	del	2
chr17	15808428	16081649	del	2
chr17	16081649	16329502	del	2
chr17	16329502	16943054	del	2
chr17	16943054	17164111	del	2
chr17	17164111	17398240	del	2
chr17	17398240	17622172	del	2
chr17	17622172	17836921	del	2
chr17	17836921	18059122	del	2
chr17	19299942	19530268	del	2
chr17	19530268	19761845	del	2
chr17	19761845	20005790	del	2
chr17	20005790	20738430	del	2
chr17	20738430	21014676	del	2
chr17	21014676	21244886	del	2
chr17	21244886	22261112	amp	2
chr17	22261112	27070037	del	2
chr17	27070037	27322192	amp	2
chr17	27322192	27543120	amp	2
chr17	27780356	28000773	del	2
chr17	28000773	28221673	del	2
chr17	28221673	28453982	del	2
chr17	28453982	28681683	del	2
chr17	28681683	28920427	del	2
chr17	28920427	29134096	del	2
chr17	29134096	29374992	del	2
chr17	29374992	29612165	del	2
chr17	29842509	30080198	del	2
chr17	30080198	30302675	del	2
chr17	30302675	30880956	del	2
chr17	30880956	31140636	del	2
chr17	31140636	31368763	del	2
chr17	31368763	31590149	del	2
chr17	31590149	32158220	del	2
chr17	32389452	32617423	amp	2
chr17	32617423	32844785	del	2
chr17	32844785	33077706	del	2
chr17	33077706	33283393	amp	2
chr17	33283393	33492232	del	2
chr17	33699890	33910710	del	2
chr17	33910710	34131574	del	2
chr17	34131574	34360118	amp	2
chr17	34563769	34768773	amp	2
chr17	34980337	35213100	del	2
chr17	35213100	35453892	del	2
chr17	35688978	35914021	del	2
chr17	35914021	36663545	del	2
chr17	36877331	37093679	del	2
chr17	37093679	37309531	amp	2
chr17	37549211	38379588	del	2
chr17	38379588	38622030	del	2
chr17	38622030	38866636	del	2
chr17	38866636	39101794	del	2
chr17	39101794	39338515	del	2
chr17	39338515	39588453	del	2
chr17	39588453	39806581	del	2
chr17	39806581	40034135	del	2
chr17	40720878	40934504	del	2
chr17	41165544	41404897	del	2
chr17	41404897	41624592	del	2
chr17	41624592	41864157	amp	2
chr17	41864157	42102135	del	2
chr17	42102135	42339332	del	2
chr17	42339332	42585104	del	2
chr17	42585104	42823882	del	2
chr17	42823882	43068396	del	2
chr17	43395373	43633410	del	2
chr17	43633410	43860057	del	2
chr17	43860057	44097262	del	2
chr17	44097262	44334210	del	2
chr17	45038626	45639187	del	2
chr17	45850571	46730729	del	2
chr17	46730729	46950053	del	2
chr17	46950053	47222308	del	2
chr17	47222308	47458521	del	2
chr17	47458521	47766578	del	2
chr17	47766578	47989003	del	2
chr17	47989003	48220106	del	2
chr17	48220106	48435173	del	2
chr17	48435173	48647362	del	2
chr17	48647362	48879491	del	2
chr17	48879491	49118495	del	2
chr17	49118495	49363020	del	2
chr17	49363020	49585346	del	2
chr17	49585346	49813548	del	2
chr17	49813548	50031841	del	2
chr17	50031841	50245584	del	2
chr17	50245584	50470961	del	2
chr17	50470961	50683543	del	2
chr17	50683543	50908562	del	2
chr17	50908562	51138671	del	2
chr17	51138671	51376601	del	2
chr17	51376601	51600073	del	2
chr17	51600073	51810701	del	2
chr17	51810701	52017038	del	2
chr17	52017038	52225271	del	2
chr17	54846205	55062423	del	2
chr17	55062423	55275438	del	2
chr17	55275438	55494078	del	2
chr17	55714354	55929078	del	2
chr17	56153345	56372938	amp	2
chr17	56372938	56589689	del	2
chr17	56801858	57025895	del	2
chr17	57025895	57248908	del	2
chr17	57248908	57460800	del	2
chr17	57460800	57669446	del	2
chr17	57669446	57885317	del	2
chr17	57885317	58108523	del	2
chr17	58108523	58326111	del	2
chr17	58326111	58543966	del	2
chr17	58543966	58790643	del	2
chr17	58790643	59030925	del	2
chr17	59030925	59276506	del	2
chr17	59761711	60064934	del	2
chr17	60064934	60328958	del	2
chr17	60575522	60819248	amp	2
chr17	60819248	61047442	del	2
chr17	61047442	61273455	del	2
chr17	61486947	61712204	del	2
chr17	61937574	62530868	del	2
chr17	62530868	62772981	del	2
chr17	62772981	62997765	del	2
chr17	62997765	63209562	del	2
chr17	63209562	63425277	del	2
chr17	63425277	63649772	del	2
chr17	63649772	63888214	del	2
chr17	63888214	64121088	amp	2
chr17	64121088	64477797	del	2
chr17	64477797	65073111	del	2
chr17	65073111	65294340	del	2
chr17	65511646	65732437	del	2
chr17	65732437	65949143	del	2
chr17	65949143	66170786	amp	2
chr17	66170786	66400645	del	2
chr17	66400645	66621481	del	2
chr17	66621481	66838125	del	2
chr17	66838125	67054360	del	2
chr17	67054360	67279228	del	2
chr17	67279228	67521205	del	2
chr17	68009378	68280200	del	2
chr17	68517590	68734905	del	2
chr17	69178783	69399694	amp	2
chr17	69399694	69623201	del	2
chr17	69623201	69841926	amp	2
chr17	69841926	70055097	del	2
chr17	70055097	70264764	del	2
chr17	70911886	71124069	del	2
chr17	71124069	71337454	del	2
chr17	71982320	72193598	del	2
chr17	72408055	72627192	del	2
chr17	72627192	72847454	del	2
chr17	73071844	73304843	del	2
chr17	73524990	73735515	del	2
chr17	73735515	73948384	del	2
chr17	74161036	74383176	del	2
chr17	74383176	74608412	del	2
chr17	74608412	74828473	del	2
chr17	74828473	75059728	del	2
chr17	75059728	75313125	del	2
chr17	75313125	75549737	del	2
chr17	75549737	75776752	del	2
chr17	75776752	76015152	amp	2
chr17	76015152	76246713	del	2
chr17	76246713	76481027	amp	2
chr17	76481027	76720384	amp	2
chr17	76720384	76953500	amp	2
chr17	77187360	77413896	del	2
chr17	77413896	77635207	del	2
chr17	78070822	78304302	del	2
chr17	78304302	78530877	del	2
chr17	78530877	78753393	del	2
chr17	78753393	78981554	del	2
chr17	78981554	79194036	del	2
chr17	79194036	79792047	amp	2
chr17	79792047	80007197	del	2
chr17	80007197	80231040	del	2
chr17	80231040	80460883	del	2
chr17	80460883	80686605	amp	2
chr17	80900122	81115059	del	2
chr17	81115059	81330903	del	2
chr17	81330903	81554467	del	2
chr17	81554467	81848407	del	2
chr17	82071271	82296971	del	2
chr17	82296971	82533164	amp	2
chr17	82533164	82771978	del	2
chr17	82771978	82992614	amp	2
chr18	0	315990	del	2
chr18	315990	533105	del	2
chr18	533105	770413	del	2
chr18	770413	1000658	del	2
chr18	1222864	1440573	del	2
chr18	2747716	2975996	del	2
chr18	2975996	3201460	amp	2
chr18	3201460	3420399	del	2
chr18	3420399	3652570	del	2
chr18	3652570	3874727	amp	2
chr18	3874727	4086452	del	2
chr18	4086452	4296163	del	2
chr18	4296163	4510612	del	2
chr18	4955308	5177695	amp	2
chr18	5177695	5393937	del	2
chr18	5393937	5602663	del	2
chr18	5602663	5816595	del	2
chr18	6022832	6242033	del	2
chr18	6242033	6458009	del	2
chr18	6670030	6887213	del	2
chr18	6887213	7105573	del	2
chr18	7105573	7339856	del	2
chr18	7781413	7999017	del	2
chr18	7999017	8213205	del	2
chr18	8213205	8421243	del	2
chr18	8421243	8642466	del	2
chr18	9092839	9320542	del	2
chr18	9764078	9984342	del	2
chr18	10407462	10661454	del	2
chr18	10661454	10872003	del	2
chr18	10872003	11095800	del	2
chr18	11095800	11310910	del	2
chr18	11525596	11769866	del	2
chr18	11769866	12009174	del	2
chr18	12009174	12293362	amp	2
chr18	12293362	12523915	del	2
chr18	12523915	12760243	del	2
chr18	12760243	12990251	del	2
chr18	12990251	13214124	del	2
chr18	13214124	13430738	del	2
chr18	13430738	13640362	del	2
chr18	13869917	21059405	del	2
chr18	21059405	21286716	amp	2
chr18	21286716	21515089	del	2
chr18	21515089	21760017	del	2
chr18	21760017	21985869	amp	2
chr18	21985869	22211600	del	2
chr18	22872235	23104725	del	2
chr18	23104725	23331118	del	2
chr18	23331118	23561312	del	2
chr18	23561312	23783035	del	2
chr18	23783035	23994216	amp	2
chr18	23994216	24213258	del	2
chr18	24213258	24441331	del	2
chr18	24441331	24659983	del	2
chr18	24659983	24872802	del	2
chr18	24872802	25083342	del	2
chr18	25083342	25290987	del	2
chr18	25290987	25503754	del	2
chr18	26147694	26381887	del	2
chr18	26381887	26594702	del	2
chr18	26594702	26807236	del	2
chr18	27028322	27249389	del	2
chr18	27893878	28101883	del	2
chr18	30865898	31073635	del	2
chr18	31073635	31283415	del	2
chr18	31283415	31500718	del	2
chr18	31500718	31714487	del	2
chr18	31714487	31945727	del	2
chr18	31945727	32187449	del	2
chr18	32187449	32409804	del	2
chr18	32625199	32836492	del	2
chr18	32836492	33049499	del	2
chr18	33262522	33477792	del	2
chr18	33684691	33906671	del	2
chr18	33906671	34112298	del	2
chr18	34112298	34328306	del	2
chr18	34328306	34545424	del	2
chr18	34545424	34770450	del	2
chr18	34770450	34984740	del	2
chr18	35197808	35422952	del	2
chr18	35422952	35638639	del	2
chr18	35870396	36096662	del	2
chr18	36096662	36320819	del	2
chr18	36320819	36527789	del	2
chr18	36527789	36737207	del	2
chr18	36737207	36952541	del	2
chr18	36952541	37188123	del	2
chr18	37188123	37399610	del	2
chr18	37399610	37601899	del	2
chr18	39070901	39285949	del	2
chr18	39499483	39712074	del	2
chr18	39712074	39920727	del	2
chr18	41815134	42022036	del	2
chr18	42022036	42234302	del	2
chr18	42234302	42447379	del	2
chr18	42447379	42668783	del	2
chr18	42668783	42883691	del	2
chr18	43094133	43311878	del	2
chr18	44401623	44617045	del	2
chr18	44821338	45035803	del	2
chr18	45035803	45244659	del	2
chr18	45244659	45452056	del	2
chr18	45452056	45665660	del	2
chr18	45665660	45895063	del	2
chr18	45895063	46129305	del	2
chr18	46352129	46559704	del	2
chr18	46559704	46773100	del	2
chr18	46773100	47066428	del	2
chr18	47066428	47278406	del	2
chr18	47711175	47921765	del	2
chr18	47921765	48131431	del	2
chr18	48131431	48342183	del	2
chr18	48555336	48765898	del	2
chr18	48765898	48977563	del	2
chr18	48977563	49199711	del	2
chr18	49199711	49429261	del	2
chr18	49429261	49656869	del	2
chr18	49656869	49882819	del	2
chr18	50310417	50539154	del	2
chr18	50539154	50748946	del	2
chr18	50748946	50972383	del	2
chr18	50972383	51199305	del	2
chr18	51417064	51628051	amp	2
chr18	52274537	52486566	del	2
chr18	52486566	52695680	amp	2
chr18	52695680	52903580	del	2
chr18	52903580	53114521	del	2
chr18	53114521	53333689	del	2
chr18	53333689	53553618	del	2
chr18	53553618	53767162	del	2
chr18	53989590	54201134	del	2
chr18	54201134	54658644	del	2
chr18	54658644	54875586	del	2
chr18	54875586	55085024	del	2
chr18	55085024	55293464	amp	2
chr18	55293464	55498563	del	2
chr18	55498563	55708645	amp	2
chr18	55708645	55929906	del	2
chr18	56793050	56999686	amp	2
chr18	56999686	57213947	del	2
chr18	57433793	57656055	del	2
chr18	57893333	58110585	del	2
chr18	58110585	58323412	del	2
chr18	58323412	58536822	del	2
chr18	58536822	58755681	del	2
chr18	58755681	58983943	del	2
chr18	58983943	59203939	del	2
chr18	59203939	59429734	del	2
chr18	59429734	59643263	del	2
chr18	59643263	59871050	del	2
chr18	59871050	60099270	amp	2
chr18	61170437	61384125	amp	2
chr18	61384125	61603255	del	2
chr18	61817602	62029935	del	2
chr18	62029935	62246846	del	2
chr18	62246846	62461436	del	2
chr18	62461436	62683143	del	2
chr18	62904507	63126300	del	2
chr18	63126300	63335482	del	2
chr18	63335482	63556458	del	2
chr18	63781547	63998781	amp	2
chr18	63998781	64209350	del	2
chr18	64209350	64428252	del	2
chr18	65705560	65916292	del	2
chr18	67384663	67595088	del	2
chr18	68662662	68878792	del	2
chr18	69295493	69512493	del	2
chr18	69512493	69721479	del	2
chr18	69721479	69932530	del	2
chr18	69932530	70154605	del	2
chr18	70154605	70378139	del	2
chr18	70601333	70834146	del	2
chr18	74028672	74245124	del	2
chr18	74245124	74457868	del	2
chr18	74457868	74673665	del	2
chr18	74673665	74885059	del	2
chr18	75092177	75297222	del	2
chr18	76337805	76549519	del	2
chr18	76549519	76779672	del	2
chr18	76779672	77000217	del	2
chr18	77000217	77213930	del	2
chr18	78929138	79154772	del	2
chr18	79154772	79377248	del	2
chr18	79377248	79590360	del	2
chr18	79590360	79811140	del	2
chr19	1219509	1441013	del	2
chr19	1441013	1674295	del	2
chr19	1910203	2149162	amp	2
chr19	2149162	2379465	del	2
chr19	2379465	2628424	del	2
chr19	2628424	2864882	del	2
chr19	3117059	3359336	del	2
chr19	3359336	3595056	del	2
chr19	3595056	3829257	amp	2
chr19	3829257	4074661	del	2
chr19	4074661	4329306	amp	2
chr19	10038243	10284464	del	2
chr19	10284464	10536486	del	2
chr19	10536486	10784377	del	2
chr19	10784377	11026876	del	2
chr19	11026876	11275871	del	2
chr19	11275871	11524850	del	2
chr19	11776059	12047106	del	2
chr19	12047106	12294584	del	2
chr19	12294584	12559973	del	2
chr19	12559973	12808486	del	2
chr19	12808486	13044489	del	2
chr19	13044489	13279168	del	2
chr19	13279168	13507215	del	2
chr19	13507215	13754702	del	2
chr19	13754702	13996474	del	2
chr19	13996474	14265878	del	2
chr19	14265878	14529523	del	2
chr19	14529523	14779790	del	2
chr19	14779790	15015998	del	2
chr19	15015998	15249797	del	2
chr19	15249797	15479805	del	2
chr19	15960552	16198466	del	2
chr19	16198466	16432040	del	2
chr19	16432040	16666962	del	2
chr19	16666962	16913119	del	2
chr19	16913119	17154923	amp	2
chr19	17154923	17401145	del	2
chr19	17401145	17651809	del	2
chr19	17651809	17898336	del	2
chr19	17898336	18151451	del	2
chr19	18624710	18855021	del	2
chr19	18855021	19093190	del	2
chr19	19093190	19330741	del	2
chr19	19330741	19557093	amp	2
chr19	19557093	19806303	del	2
chr19	20060317	20607414	del	2
chr19	20607414	20874831	del	2
chr19	20874831	21118589	del	2
chr19	21364631	21612951	del	2
chr19	21612951	21868739	del	2
chr19	21868739	22130956	del	2
chr19	22130956	22418024	del	2
chr19	22418024	22670254	del	2
chr19	22670254	22932195	del	2
chr19	22932195	23187244	del	2
chr19	23187244	23438272	amp	2
chr19	23438272	23688154	del	2
chr19	23688154	23931012	del	2
chr19	27764616	27987357	del	2
chr19	29524871	29745026	amp	2
chr19	29745026	29980884	del	2
chr19	29980884	30200775	del	2
chr19	31032672	31239068	amp	2
chr19	31239068	31444486	del	2
chr19	32291756	32510161	del	2
chr19	32510161	32759199	del	2
chr19	32759199	33009267	amp	2
chr19	33009267	33254269	del	2
chr19	33254269	33466155	del	2
chr19	33466155	33684505	del	2
chr19	34128152	34365102	del	2
chr19	34365102	34600284	del	2
chr19	34600284	34833192	del	2
chr19	34833192	35065276	del	2
chr19	35065276	35287225	del	2
chr19	35287225	35518213	amp	2
chr19	35518213	35754258	del	2
chr19	35754258	35991255	del	2
chr19	35991255	36236628	del	2
chr19	36236628	36532937	del	2
chr19	36532937	36773907	del	2
chr19	36773907	37010193	del	2
chr19	37010193	37261468	del	2
chr19	37261468	37537294	del	2
chr19	37537294	37772785	del	2
chr19	38253394	38490282	del	2
chr19	38490282	38725449	del	2
chr19	38725449	38987842	del	2
chr19	39232114	39468903	del	2
chr19	39468903	39708197	del	2
chr19	39708197	39957989	del	2
chr19	39957989	40199790	del	2
chr19	40199790	40433847	del	2
chr19	40433847	40672756	del	2
chr19	40672756	40944699	del	2
chr19	40944699	41217074	del	2
chr19	41217074	41450907	del	2
chr19	41450907	41677694	del	2
chr19	41677694	41907150	del	2
chr19	41907150	42131874	del	2
